countyname,cnty,st,FIPS,h1960,h1950
AUTAUGA,1,1,01001,5236,4953
BALDWIN,3,1,01003,16593,13046
BARBOUR,5,1,01005,7379,7894
BIBB,7,1,01007,4145,4727
BLOUNT,9,1,01009,7908,7898
BULLOCK,11,1,01011,3873,4389
BUTLER,13,1,01013,7096,7857
CALHOUN,15,1,01015,27897,21350
CHAMBERS,17,1,01017,11173,11205
CHEROKEE,19,1,01019,4800,4653
CHILTON,21,1,01021,8339,7693
CHOCTAW,23,1,01023,4700,4840
CLARKE,25,1,01025,7028,7062
CLAY,27,1,01027,3941,3995
CLEBURNE,29,1,01029,3223,3285
COFFEE,31,1,01031,9063,8685
COLBERT,33,1,01033,13952,10857
CONECUH,35,1,01035,5137,5684
COOSA,37,1,01037,3266,3208
COVINGTON,39,1,01039,11596,11533
CRENSHAW,41,1,01041,4669,5741
CULLMAN,43,1,01043,13548,12954
DALE,45,1,01045,9030,6329
DALLAS,47,1,01047,15558,15323
DEKALB,49,1,01049,13097,12346
ELMORE,51,1,01051,9743,9110
ESCAMBIA,53,1,01053,9491,8212
ETOWAH,55,1,01055,30068,26426
FAYETTE,57,1,01057,5323,5271
FRANKLIN,59,1,01059,7121,7083
GENEVA,61,1,01061,6846,7438
GREENE,63,1,01063,3646,4433
HALE,65,1,01065,5048,5311
HENRY,67,1,01067,4667,4705
HOUSTON,69,1,01069,15670,13380
JACKSON,71,1,01071,10765,10219
JEFFERSON,73,1,01073,194788,159377
LAMAR,75,1,01075,4496,4586
LAUDERDALE,77,1,01077,18736,15112
LAWRENCE,79,1,01079,7107,7087
LEE,81,1,01081,13946,11380
LIMESTONE,83,1,01083,10507,9287
LOWNDES,85,1,01085,3768,4772
MACON,87,1,01087,6767,7279
MADISON,89,1,01089,33506,19433
MARENGO,91,1,01091,7418,8010
MARION,93,1,01093,7073,7342
MARSHALL,95,1,01095,15114,12523
MOBILE,97,1,01097,91699,67048
MONROE,99,1,01099,6175,6679
MONTGOMERY,101,1,01101,49158,40459
MORGAN,103,1,01103,18466,15162
PERRY,105,1,01105,4560,5207
PICKENS,107,1,01107,6172,6475
PIKE,109,1,01109,7882,8546
RANDOLPH,111,1,01111,6014,6173
RUSSELL,113,1,01113,12540,10722
ST. CLAIR,115,1,01115,7747,7231
SHELBY,117,1,01117,9521,8192
SUMTER,119,1,01119,5115,5986
TALLADEGA,121,1,01121,18375,16245
TALLAPOOSA,123,1,01123,10567,9598
TUSCALOOSA,125,1,01125,29623,23333
WALKER,127,1,01127,16537,17046
WASHINGTON,129,1,01129,3929,3808
WILCOX,131,1,01131,4886,5819
WINSTON,133,1,01133,4639,4845
ARKANSAS,1,5,05001,7762,7244
ASHLEY,3,5,05003,7197,7176
BAXTER,5,5,05005,3782,3679
BENTON,7,5,05007,13299,12641
BOONE,9,5,05009,5967,5239
BRADLEY,11,5,05011,4533,4631
CALHOUN,13,5,05013,1949,2123
CARROLL,15,5,05015,4493,4518
CHICOT,17,5,05017,6040,7489
CLARK,19,5,05019,6555,6914
CLAY,21,5,05021,7391,7963
CLEBURNE,23,5,05023,3299,3414
CLEVELAND,25,5,05025,2288,2512
COLUMBIA,27,5,05027,8530,8585
CONWAY,29,5,05029,4969,5363
CRAIGHEAD,31,5,05031,15444,14359
CRAWFORD,33,5,05033,7006,6848
CRITTENDEN,35,5,05035,13829,13897
CROSS,37,5,05037,5804,7021
DALLAS,39,5,05039,3264,3591
DESHA,41,5,05041,6484,7433
DREW,43,5,05043,4617,4946
FAULKNER,45,5,05045,7902,7295
FRANKLIN,47,5,05047,3567,3777
FULTON,49,5,05049,2556,2776
GARLAND,51,5,05051,18699,16866
GRANT,53,5,05053,2759,2662
GREENE,55,5,05055,8301,8470
HEMPSTEAD,57,5,05057,6763,7700
HOT SPRING,59,5,05059,7081,6544
HOWARD,61,5,05061,3747,4233
INDEPENDENCE,63,5,05063,6912,7036
IZARD,65,5,05065,2626,3080
JACKSON,67,5,05067,6968,7379
JEFFERSON,69,5,05069,24929,22793
JOHNSON,71,5,05071,4400,4950
LAFAYETTE,73,5,05073,3588,4104
LAWRENCE,75,5,05075,5717,6234
LEE,77,5,05077,6222,6780
LINCOLN,79,5,05079,3702,4805
LITTLE RIVER,81,5,05081,3167,3658
LOGAN,83,5,05083,5440,5792
LONOKE,85,5,05085,7597,8188
MADISON,87,5,05087,3337,3591
MARION,89,5,05089,2403,2739
MILLER,91,5,05091,10955,10009
MISSISSIPPI,93,5,05093,21667,24443
MONROE,95,5,05095,5133,5609
MONTGOMERY,97,5,05097,2054,2111
NEVADA,99,5,05099,3763,4573
NEWTON,101,5,05101,1961,2316
OUACHITA,103,5,05103,10822,10163
PERRY,105,5,05105,1770,1918
PHILLIPS,107,5,05107,13191,13832
PIKE,109,5,05109,2910,3139
POINSETT,111,5,05111,9497,10722
POLK,113,5,05113,4548,4634
POPE,115,5,05115,6858,6827
PRAIRIE,117,5,05117,3379,4225
PULASKI,119,5,05119,76449,59228
RANDOLPH,121,5,05121,4334,4743
ST. FRANCIS,123,5,05123,9648,10574
SALINE,125,5,05125,8148,6248
SCOTT,127,5,05127,2626,3057
SEARCY,129,5,05129,2854,3110
SEBASTIAN,131,5,05131,24669,21200
SEVIER,133,5,05133,3655,3889
SHARP,135,5,05135,2571,2679
STONE,137,5,05137,2143,2108
UNION,139,5,05139,16632,15354
VAN BUREN,141,5,05141,2677,2962
WASHINGTON,143,5,05143,19101,15254
WHITE,145,5,05145,10928,11188
WOODRUFF,147,5,05147,4455,5387
YELL,149,5,05149,4269,4623
ALAMEDA,1,6,06001,310312,247145
ALPINE,3,6,06003,168,304
AMADOR,5,6,06005,3988,3350
BUTTE,7,6,06007,31494,23309
CALAVERAS,9,6,06009,4677,4014
COLUSA,11,6,06011,4385,3899
CONTRA COSTA,13,6,06013,124279,90641
DEL NORTE,15,6,06015,5831,2804
EL DORADO,17,6,06017,15592,9443
FRESNO,19,6,06019,118784,88069
GLENN,21,6,06021,5956,5111
HUMBOLDT,23,6,06023,34691,22975
IMPERIAL,25,6,06025,21916,17904
INYO,27,6,06027,5104,4229
KERN,29,6,06029,97636,69943
KINGS,31,6,06031,16098,14506
LAKE,33,6,06033,8565,5771
LASSEN,35,6,06035,5922,6002
LOS ANGELES,37,6,06037,2143227,1442691
MADERA,39,6,06039,13593,11489
MARIN,41,6,06041,49581,28598
MARIPOSA,43,6,06043,2436,2207
MENDOCINO,45,6,06045,17556,13379
MERCED,47,6,06047,28538,21024
MODOC,49,6,06049,3317,3287
MONO,51,6,06051,1634,1888
MONTEREY,53,6,06053,57478,41105
NAPA,55,6,06055,21176,13746
NEVADA,57,6,06057,9184,7932
ORANGE,59,6,06059,227012,79158
PLACER,61,6,06061,21362,15665
PLUMAS,63,6,06063,5523,5386
RIVERSIDE,65,6,06065,115392,62397
SACRAMENTO,67,6,06067,164576,87253
SAN BENITO,69,6,06069,5223,4816
SAN BERNARDINO,71,6,06071,193668,105428
SAN DIEGO,73,6,06073,339442,181440
SAN FRANCISCO,75,6,06075,310559,265726
SAN JOAQUIN,77,6,06077,80697,61430
SAN LUIS OBISPO,79,6,06079,29399,18813
SAN MATEO,81,6,06081,141770,76551
SANTA BARBARA,83,6,06083,57290,33166
SANTA CLARA,85,6,06085,199922,91670
SANTA CRUZ,87,6,06087,40939,31141
SHASTA,89,6,06089,20961,12751
SIERRA,91,6,06091,1495,1230
SISKIYOU,93,6,06093,13272,10463
SOLANO,95,6,06095,41894,33007
SONOMA,97,6,06097,59784,39966
STANISLAUS,99,6,06099,51834,39947
SUTTER,101,6,06101,11077,8440
TEHAMA,103,6,06103,9143,6808
TRINITY,105,6,06105,4039,2291
TULARE,107,6,06107,55554,47939
TUOLUMNE,109,6,06109,8157,6104
VENTURA,111,6,06111,60698,34551
YOLO,113,6,06113,20957,12466
YUBA,115,6,06115,11113,7892
FAIRFIELD,1,9,09001,208997,153716
HARTFORD,3,9,09003,215370,155973
LITCHFIELD,5,9,09005,43343,33866
MIDDLESEX,7,9,09007,32426,23238
NEW HAVEN,9,9,09009,212735,163974
NEW LONDON,11,9,09011,62100,47099
TOLLAND,13,9,09013,20281,13710
WINDHAM,15,9,09015,23292,19586
Kent,1,10,10001,19915,12242
New Castle,3,10,10003,94688,62901
Sussex,5,10,10005,29122,21870
DC,1,11,11001,262641,229738
ALACHUA,1,12,12001,21933,15988
BAKER,3,12,12003,1951,1857
BAY,5,12,12005,21680,13924
BRADFORD,7,12,12007,4019,3415
BREVARD,9,12,12009,36852,9475
BROWARD,11,12,12011,128559,36284
CALHOUN,13,12,12013,2403,2222
CHARLOTTE,15,12,12015,6188,2178
CITRUS,17,12,12017,4512,2261
CLAY,19,12,12019,7164,4288
COLLIER,21,12,12021,5950,2340
COLUMBIA,23,12,12023,6377,5305
DADE,86,12,12086,348946,180658
DESOTO,27,12,12027,3399,2695
DIXIE,29,12,12029,1584,1280
DUVAL,31,12,12031,141252,91027
ESCAMBIA,33,12,12033,52256,32616
FLAGLER,35,12,12035,1696,1287
FRANKLIN,37,12,12037,3101,2326
GADSDEN,39,12,12039,9625,8305
GILCHRIST,41,12,12041,1024,1045
GLADES,43,12,12043,1035,669
GULF,45,12,12045,3581,2420
HAMILTON,47,12,12047,2345,2667
HARDEE,49,12,12049,4063,3230
HENDRY,51,12,12051,2569,1924
HERNANDO,53,12,12053,4406,2284
HIGHLANDS,55,12,12055,8584,5277
HILLSBOROUGH,57,12,12057,135406,81372
HOLMES,59,12,12059,3473,3857
INDIAN RIVER,61,12,12061,9703,4615
JACKSON,63,12,12063,10962,9817
JEFFERSON,65,12,12065,2831,2995
LAFAYETTE,67,12,12067,1066,1066
LAKE,69,12,12069,21757,12924
LEE,71,12,12071,21032,8978
LEON,73,12,12073,21103,13830
LEVY,75,12,12075,3622,3454
LIBERTY,77,12,12077,990,909
MADISON,79,12,12079,4304,3980
MANATEE,81,12,12081,30309,14601
MARION,83,12,12083,17960,11941
MARTIN,85,12,12085,7473,3396
MONROE,87,12,12087,16721,8399
NASSAU,89,12,12089,5344,3882
OKALOOSA,91,12,12091,17943,7524
OKEECHOBEE,93,12,12093,2013,1099
ORANGE,95,12,12095,88420,40212
OSCEOLA,97,12,12097,7906,4928
PALM BEACH,99,12,12099,89396,46502
PASCO,101,12,12101,14854,7672
PINELLAS,103,12,12103,165823,71240
POLK,105,12,12105,64116,39450
PUTNAM,107,12,12107,10880,7789
ST. JOHNS,109,12,12109,10646,8832
ST. LUCIE,111,12,12111,13989,6843
SANTA ROSA,113,12,12113,8673,5285
SARASOTA,115,12,12115,34806,13698
SEMINOLE,117,12,12117,18212,8516
SUMTER,119,12,12119,4138,3471
SUWANNEE,121,12,12121,4748,5186
TAYLOR,123,12,12123,4407,3382
UNION,125,12,12125,1298,1389
VOLUSIA,127,12,12127,52351,30148
WAKULLA,129,12,12129,1918,1687
WALTON,131,12,12131,5591,4529
WASHINGTON,133,12,12133,3723,3486
APPLING,1,13,13001,3627,3636
ATKINSON,3,13,13003,1698,1938
BACON,5,13,13005,2450,2295
BAKER,7,13,13007,1398,1524
BALDWIN,9,13,13009,6296,4907
BANKS,11,13,13011,1884,2044
BARROW,13,13,13013,4489,3838
BARTOW,15,13,13015,8561,7543
BEN HILL,17,13,13017,4351,4239
BERRIEN,19,13,13019,3603,3576
BIBB,21,13,13021,42638,32939
BLECKLEY,23,13,13023,2823,2643
BRANTLEY,25,13,13025,1667,1642
BROOKS,27,13,13027,4693,4831
BRYAN,29,13,13029,1795,1608
BULLOCH,31,13,13031,6902,6675
BURKE,33,13,13033,5890,7342
BUTTS,35,13,13035,3180,2814
CALHOUN,37,13,13037,2316,2636
CAMDEN,39,13,13039,2932,2062
CANDLER,43,13,13043,2169,2239
CARROLL,45,13,13045,10954,10079
CATOOSA,47,13,13047,6060,4150
CHARLTON,49,13,13049,1511,1279
CHATHAM,51,13,13051,59325,46928
CHATTAHOOCHEE,53,13,13053,1411,1324
CHATTOOGA,55,13,13055,6131,5752
CHEROKEE,57,13,13057,6823,5673
CLARKE,59,13,13059,12884,9855
CLAY,61,13,13061,1454,1705
CLAYTON,63,13,13063,12864,6273
CLINCH,65,13,13065,1944,1744
COBB,67,13,13067,33135,17410
COFFEE,69,13,13069,6381,6068
COLQUITT,71,13,13071,10189,9323
COLUMBIA,73,13,13073,3686,2510
COOK,75,13,13075,3610,3263
COWETA,77,13,13077,8637,8111
CRAWFORD,79,13,13079,1642,1632
CRISP,81,13,13081,5649,5373
DADE,83,13,13083,2355,1864
DAWSON,85,13,13085,1157,1080
DECATUR,87,13,13087,7432,6754
DEKALB,89,13,13089,76875,40694
DODGE,91,13,13091,4897,5053
DOOLY,93,13,13093,3480,4095
DOUGHERTY,95,13,13095,20980,12098
DOUGLAS,97,13,13097,4728,3345
EARLY,99,13,13099,4112,4934
ECHOLS,101,13,13101,544,785
EFFINGHAM,103,13,13103,2726,2657
ELBERT,105,13,13105,5355,5154
EMANUEL,107,13,13107,5855,5979
EVANS,109,13,13109,2065,1888
FANNIN,111,13,13111,4401,3898
FAYETTE,113,13,13113,2330,2280
FLOYD,115,13,13115,21054,17056
FORSYTH,117,13,13117,3883,3083
FRANKLIN,119,13,13119,4167,4192
FULTON,121,13,13121,172942,134448
GILMER,123,13,13123,2686,2591
GLASCOCK,125,13,13125,887,1137
GLYNN,127,13,13127,13158,9204
GORDON,129,13,13129,5909,5268
GRADY,131,13,13131,5352,5129
GREENE,133,13,13133,3114,3547
GWINNETT,135,13,13135,12754,9054
HABERSHAM,137,13,13137,5298,4651
HALL,139,13,13139,14888,11028
HANCOCK,141,13,13141,2674,2788
HARALSON,143,13,13143,4547,4074
HARRIS,145,13,13145,3304,3237
HART,147,13,13147,4454,4007
HEARD,149,13,13149,1617,1977
HENRY,151,13,13151,4849,4414
HOUSTON,153,13,13153,11175,5920
IRWIN,155,13,13155,2651,3022
JACKSON,157,13,13157,5667,5417
JASPER,159,13,13159,1965,2343
JEFF DAVIS,161,13,13161,2493,2290
JEFFERSON,163,13,13163,5043,5133
JENKINS,165,13,13165,2878,3096
JOHNSON,167,13,13167,2582,3050
JONES,169,13,13169,2282,2075
LAMAR,171,13,13171,2977,2897
LANIER,173,13,13173,1533,1409
LAURENS,175,13,13175,9582,9287
LEE,177,13,13177,1709,2011
LIBERTY,179,13,13179,4094,2239
LINCOLN,181,13,13181,1553,1667
LONG,183,13,13183,1086,937
LOWNDES,185,13,13185,14369,9918
LUMPKIN,187,13,13187,2103,1608
MCDUFFIE,189,13,13189,3787,3308
MCINTOSH,191,13,13191,2131,1893
MACON,193,13,13193,3631,4159
MADISON,195,13,13195,3415,3320
MARION,197,13,13197,1471,1817
MERIWETHER,199,13,13199,5575,5989
MILLER,201,13,13201,2069,2478
MITCHELL,205,13,13205,5531,6015
MONROE,207,13,13207,2965,2986
MONTGOMERY,209,13,13209,1780,2121
MORGAN,211,13,13211,3069,3522
MURRAY,213,13,13213,2986,2795
MUSCOGEE,215,13,13215,45112,31684
NEWTON,217,13,13217,6348,5772
OCONEE,219,13,13219,1828,2050
OGLETHORPE,221,13,13221,2145,2811
PAULDING,223,13,13223,3920,3293
PEACH,225,13,13225,3767,3253
PICKENS,227,13,13227,2659,2480
PIERCE,229,13,13229,2982,3031
PIKE,231,13,13231,2132,2577
POLK,233,13,13233,8588,8300
PULASKI,235,13,13235,2533,2517
PUTNAM,237,13,13237,2240,2031
QUITMAN,239,13,13239,622,871
RABUN,241,13,13241,3189,2512
RANDOLPH,243,13,13243,3593,4018
RICHMOND,245,13,13245,38205,29828
ROCKDALE,247,13,13247,2888,2205
SCHLEY,249,13,13249,914,1197
SCREVEN,251,13,13251,4279,5310
SEMINOLE,253,13,13253,2041,2118
SPALDING,255,13,13255,10538,8874
STEPHENS,257,13,13257,5520,4618
STEWART,259,13,13259,2303,2465
SUMTER,261,13,13261,7456,7231
TALBOT,263,13,13263,1909,2157
TALIAFERRO,265,13,13265,971,1298
TATTNALL,267,13,13267,3871,4085
TAYLOR,269,13,13269,2392,2787
TELFAIR,271,13,13271,3499,3675
TERRELL,273,13,13273,3988,4317
THOMAS,275,13,13275,10198,9647
TIFT,277,13,13277,6878,6238
TOOMBS,279,13,13279,4862,4627
TOWNS,281,13,13281,1538,1298
TREUTLEN,283,13,13283,1680,1740
TROUP,285,13,13285,14537,13786
TURNER,287,13,13287,2658,3076
TWIGGS,289,13,13289,2006,2157
UNION,291,13,13291,2211,2035
UPSON,293,13,13293,7103,6852
WALKER,295,13,13295,13552,10645
WALTON,297,13,13297,6048,5646
WARE,299,13,13299,10603,8408
WARREN,301,13,13301,2142,2541
WASHINGTON,303,13,13303,5669,6317
WAYNE,305,13,13305,5298,3729
WEBSTER,307,13,13307,912,1181
WHEELER,309,13,13309,1533,1865
WHITE,311,13,13311,2169,1643
WHITFIELD,313,13,13313,12126,9432
WILCOX,315,13,13315,2413,3152
WILKES,317,13,13317,3351,3621
WILKINSON,319,13,13319,2694,2921
WORTH,321,13,13321,4793,5162
ADAMS,1,17,17001,23251,20738
ALEXANDER,3,17,17003,5884,6714
BOND,5,17,17005,4918,4726
BOONE,7,17,17007,6434,5287
BROWN,9,17,17009,2394,2496
BUREAU,11,17,17011,12896,12002
CALHOUN,13,17,17013,2531,2340
CARROLL,15,17,17015,6652,6127
CASS,17,17,17017,5204,5041
CHAMPAIGN,19,17,17019,38352,27705
CHRISTIAN,21,17,17021,12789,12497
CLARK,23,17,17023,6169,6089
CLAY,25,17,17025,5781,6021
CLINTON,27,17,17027,7334,6624
COLES,29,17,17029,14728,13310
COOK,31,17,17031,1676412,1361363
CRAWFORD,33,17,17033,7773,7161
CUMBERLAND,35,17,17035,3585,3541
DEKALB,37,17,17037,15527,12046
DE WITT,39,17,17039,6126,5748
DOUGLAS,41,17,17041,6580,5542
DUPAGE,43,17,17043,87860,44503
EDGAR,45,17,17045,8332,7929
EDWARDS,47,17,17047,3051,3106
EFFINGHAM,49,17,17049,7257,6556
FAYETTE,51,17,17051,7651,7835
FORD,53,17,17053,5721,5148
FRANKLIN,55,17,17055,15626,16859
FULTON,57,17,17057,15168,14723
GALLATIN,59,17,17059,2880,3229
GREENE,61,17,17061,6232,6266
GRUNDY,63,17,17063,7252,6109
HAMILTON,65,17,17065,4079,4240
HANCOCK,67,17,17067,8906,8833
HARDIN,69,17,17069,2269,2327
HENDERSON,71,17,17071,3106,2950
HENRY,73,17,17073,16521,15078
IROQUOIS,75,17,17075,11472,10297
JACKSON,77,17,17077,13804,12139
JASPER,79,17,17079,4068,4056
JEFFERSON,81,17,17081,12062,12174
JERSEY,83,17,17083,6003,4895
JO DAVIESS,85,17,17085,7259,6754
JOHNSON,87,17,17087,2774,3028
KANE,89,17,17089,61451,43864
KANKAKEE,91,17,17091,25917,19206
KENDALL,93,17,17093,5511,3749
KNOX,95,17,17095,19745,17581
LAKE,97,17,17097,85627,55872
LA SALLE,99,17,17099,35800,30616
LAWRENCE,101,17,17101,6651,6667
LEE,103,17,17103,11293,9765
LIVINGSTON,105,17,17105,12508,11367
LOGAN,107,17,17107,9685,8307
MCDONOUGH,109,17,17109,9952,9082
MCHENRY,111,17,17111,29345,19432
MCLEAN,113,17,17113,27812,23668
MACON,115,17,17115,39478,31484
MACOUPIN,117,17,17117,15391,14899
MADISON,119,17,17119,70593,55544
MARION,121,17,17121,14192,14072
MARSHALL,123,17,17123,4538,4240
MASON,125,17,17125,6174,5488
MASSAC,127,17,17127,5266,4638
MENARD,129,17,17129,3307,3289
MERCER,131,17,17131,5896,5671
MONROE,133,17,17133,4944,4244
MONTGOMERY,135,17,17135,11402,11010
MORGAN,137,17,17137,11194,10007
MOULTRIE,139,17,17139,4576,4200
OGLE,141,17,17141,12747,10694
PEORIA,143,17,17143,61315,52935
PERRY,145,17,17145,7139,7254
PIATT,147,17,17147,5086,4476
PIKE,149,17,17149,7928,7913
POPE,151,17,17151,1858,2081
PULASKI,153,17,17153,3919,4368
PUTNAM,155,17,17155,1710,1642
RANDOLPH,157,17,17157,9706,9261
RICHLAND,159,17,17159,5875,5809
ROCK ISLAND,161,17,17161,48100,40232
ST. CLAIR,163,17,17163,81689,60512
SALINE,165,17,17165,10787,11270
SANGAMON,167,17,17167,50011,41848
SCHUYLER,169,17,17169,3320,3410
SCOTT,171,17,17171,2413,2503
SHELBY,173,17,17173,8443,8264
STARK,175,17,17175,2794,2744
STEPHENSON,177,17,17177,15130,13120
TAZEWELL,179,17,17179,31378,23740
UNION,181,17,17181,5920,5871
VERMILION,183,17,17183,32207,27318
WABASH,185,17,17185,4966,4753
WARREN,187,17,17187,7354,6917
WASHINGTON,189,17,17189,5020,4996
WAYNE,191,17,17191,7064,7011
WHITE,193,17,17193,7360,7041
WHITESIDE,195,17,17195,18803,15209
WILL,197,17,17197,56694,38683
WILLIAMSON,199,17,17199,16925,16237
WINNEBAGO,201,17,17201,65487,46875
WOODFORD,203,17,17203,7730,6546
ADAMS,1,18,18001,7436,6498
ALLEN,3,18,18003,72722,56444
BARTHOLOMEW,5,18,18005,15138,11147
BENTON,7,18,18007,3710,3469
BLACKFORD,9,18,18009,4914,4545
BOONE,11,18,18011,9159,7902
BROWN,13,18,18013,2773,2300
CARROLL,15,18,18015,6649,6016
CASS,17,18,18017,13428,11831
CLARK,19,18,18019,19286,14334
CLAY,21,18,18021,9163,8201
CLINTON,23,18,18023,10608,9719
CRAWFORD,25,18,18025,3033,2968
DAVIESS,27,18,18027,8716,8122
DEARBORN,29,18,18029,8836,7636
DECATUR,31,18,18031,6553,5916
DE KALB,33,18,18033,9100,8348
DELAWARE,35,18,18035,35294,28330
DUBOIS,37,18,18037,7826,6632
ELKHART,39,18,18039,33520,26666
FAYETTE,41,18,18041,7931,7008
FLOYD,43,18,18043,16462,13694
FOUNTAIN,45,18,18045,6417,5979
FRANKLIN,47,18,18047,4944,4525
FULTON,49,18,18049,6786,6173
GIBSON,51,18,18051,10308,9785
GRANT,53,18,18053,23962,19601
GREENE,55,18,18055,10132,9623
HAMILTON,57,18,18057,12856,9365
HANCOCK,59,18,18059,8598,6593
HARRISON,61,18,18061,6046,5386
HENDRICKS,63,18,18063,12716,7681
HENRY,65,18,18065,16187,13986
HOWARD,67,18,18067,21913,16954
HUNTINGTON,69,18,18069,11011,10178
JACKSON,71,18,18071,9733,8760
JASPER,73,18,18073,5820,4973
JAY,75,18,18075,7854,7735
JEFFERSON,77,18,18077,7276,6104
JENNINGS,79,18,18079,4824,4102
JOHNSON,81,18,18081,13435,8158
KNOX,83,18,18083,14492,13714
KOSCIUSKO,85,18,18085,18138,14887
LAGRANGE,87,18,18087,6723,5624
LAKE,89,18,18089,150183,106072
LA PORTE,91,18,18091,30303,24599
LAWRENCE,93,18,18093,12324,10776
MADISON,95,18,18095,40678,32920
MARION,97,18,18097,223534,171642
MARSHALL,99,18,18099,11070,9672
MARTIN,101,18,18101,3318,3311
MIAMI,103,18,18103,12114,9292
MONROE,105,18,18105,18030,13222
MONTGOMERY,107,18,18107,10879,9607
MORGAN,109,18,18109,10671,7662
NEWTON,111,18,18111,3961,3630
NOBLE,113,18,18113,10055,9008
OHIO,115,18,18115,1385,1345
ORANGE,117,18,18117,5563,5346
OWEN,119,18,18119,4599,4142
PARKE,121,18,18121,5515,5411
PERRY,123,18,18123,5473,5104
PIKE,125,18,18125,4675,4867
PORTER,127,18,18127,18857,12837
POSEY,129,18,18129,6658,6202
PULASKI,131,18,18131,4455,4042
PUTNAM,133,18,18133,7480,6734
RANDOLPH,135,18,18135,9752,9022
RIPLEY,137,18,18137,6499,5666
RUSH,139,18,18139,6534,6047
ST. JOSEPH,141,18,18141,73138,60732
SCOTT,143,18,18143,4474,3590
SHELBY,145,18,18145,11334,9459
SPENCER,147,18,18147,5071,4872
STARKE,149,18,18149,7028,5651
STEUBEN,151,18,18151,9265,7918
SULLIVAN,153,18,18153,8169,8273
SWITZERLAND,155,18,18155,2547,2510
TIPPECANOE,157,18,18157,26374,20590
TIPTON,159,18,18159,5321,4959
UNION,161,18,18161,2057,2037
VANDERBURGH,163,18,18163,55073,49573
VERMILLION,165,18,18165,6682,6641
VIGO,167,18,18167,37004,34988
WABASH,169,18,18169,10572,9250
WARREN,171,18,18171,2870,2786
WARRICK,173,18,18173,7721,6728
WASHINGTON,175,18,18175,5821,5196
WAYNE,177,18,18177,23536,20628
WELLS,179,18,18179,6937,6403
WHITE,181,18,18181,7877,7227
WHITLEY,183,18,18183,7284,6513
ADAIR,1,19,19001,3978,4032
ADAMS,3,19,19003,2733,2924
ALLAMAKEE,5,19,19005,5027,4880
APPANOOSE,7,19,19007,6391,6930
AUDUBON,9,19,19009,3668,3638
BENTON,11,19,19011,7744,7170
BLACK HAWK,13,19,19013,37347,29938
BOONE,15,19,19015,9133,8709
BREMER,17,19,19017,6448,5645
BUCHANAN,19,19,19019,6647,6137
BUENA VISTA,21,19,19021,7145,6606
BUTLER,23,19,19023,5776,5430
CALHOUN,25,19,19025,5705,5480
CARROLL,27,19,19027,6991,6541
CASS,29,19,19029,6438,6120
CEDAR,31,19,19031,5930,5415
CERRO GORDO,33,19,19033,17068,14624
CHEROKEE,35,19,19035,5648,5186
CHICKASAW,37,19,19037,4633,4467
CLARKE,39,19,19039,3106,3220
CLAY,41,19,19041,6285,5656
CLAYTON,43,19,19043,7380,7145
CLINTON,45,19,19045,17293,15307
CRAWFORD,47,19,19047,6164,5869
DALLAS,49,19,19049,8403,7883
DAVIS,51,19,19051,3214,3438
DECATUR,53,19,19053,3890,4086
DELAWARE,55,19,19055,5878,5347
DES MOINES,57,19,19057,15119,13357
DICKINSON,59,19,19059,7690,6989
DUBUQUE,61,19,19061,22007,19011
EMMET,63,19,19063,4762,4204
FAYETTE,65,19,19065,9111,8596
FLOYD,67,19,19067,6904,6622
FRANKLIN,69,19,19069,5268,5043
FREMONT,71,19,19071,3830,4237
GREENE,73,19,19073,5235,4998
GRUNDY,75,19,19075,4690,4308
GUTHRIE,77,19,19077,4981,5126
HAMILTON,79,19,19079,6708,6221
HANCOCK,81,19,19081,4712,4478
HARDIN,83,19,19083,7942,7353
HARRISON,85,19,19085,6067,6256
HENRY,87,19,19087,6135,5598
HOWARD,89,19,19089,4065,3905
HUMBOLDT,91,19,19091,4307,3999
IDA,93,19,19093,3483,3333
IOWA,95,19,19095,5268,4832
JACKSON,97,19,19097,6522,5776
JASPER,99,19,19099,11753,10105
JEFFERSON,101,19,19101,5506,5193
JOHNSON,103,19,19103,15802,11978
JONES,105,19,19105,6136,5653
KEOKUK,107,19,19107,5659,5831
KOSSUTH,109,19,19109,7598,7287
LEE,111,19,19111,14391,13441
LINN,113,19,19113,43825,32753
LOUISA,115,19,19115,3730,3717
LUCAS,117,19,19117,4075,4210
LYON,119,19,19119,4397,4171
MADISON,121,19,19121,4406,4418
MAHASKA,123,19,19123,8349,8211
MARION,125,19,19125,8274,7866
MARSHALL,127,19,19127,12616,11017
MILLS,129,19,19129,3949,3871
MITCHELL,131,19,19131,4410,4247
MONONA,133,19,19133,5000,5094
MONROE,135,19,19135,3599,3943
MONTGOMERY,137,19,19137,5334,5165
MUSCATINE,139,19,19139,11815,10395
O'BRIEN,141,19,19141,6163,5784
OSCEOLA,143,19,19143,3176,2984
PAGE,145,19,19145,7448,7421
PALO ALTO,147,19,19147,4763,4487
PLYMOUTH,149,19,19149,7218,6699
POCAHONTAS,151,19,19151,4673,4612
POLK,153,19,19153,89084,72099
POTTAWATTAMIE,155,19,19155,26247,21268
POWESHIEK,157,19,19157,6212,5701
RINGGOLD,159,19,19159,3063,3259
SAC,161,19,19161,5909,5563
SCOTT,163,19,19163,37060,30094
SHELBY,165,19,19165,4860,4613
SIOUX,167,19,19167,7870,7417
STORY,169,19,19169,14978,12643
TAMA,171,19,19171,7180,6926
TAYLOR,173,19,19173,4097,4294
UNION,175,19,19175,5166,5206
VAN BUREN,177,19,19177,3751,3934
WAPELLO,179,19,19179,15874,15152
WARREN,181,19,19181,6645,5634
WASHINGTON,183,19,19183,6535,6341
WAYNE,185,19,19185,3995,4250
WEBSTER,187,19,19187,15848,13298
WINNEBAGO,189,19,19189,4271,3906
WINNESHIEK,191,19,19191,6309,6166
WOODBURY,193,19,19193,35421,31945
WORTH,195,19,19195,3353,3295
WRIGHT,197,19,19197,6633,6290
ALLEN,1,20,20001,6263,6298
ANDERSON,3,20,20003,3407,3533
ATCHISON,5,20,20005,6750,6620
BARBER,7,20,20007,3374,3083
BARTON,9,20,20009,10718,9194
BOURBON,11,20,20011,6555,6782
BROWN,13,20,20013,5164,5372
BUTLER,15,20,20015,13240,10552
CHASE,17,20,20017,1650,1780
CHAUTAUQUA,19,20,20019,2550,2776
CHEROKEE,21,20,20021,8577,8861
CHEYENNE,23,20,20023,1806,1792
CLARK,25,20,20025,1300,1333
CLAY,27,20,20027,4145,4187
CLOUD,29,20,20029,5291,5593
COFFEY,31,20,20031,3449,3683
COMANCHE,33,20,20033,1371,1326
COWLEY,35,20,20035,13510,12154
CRAWFORD,37,20,20037,14499,14419
DECATUR,39,20,20039,2142,2273
DICKINSON,41,20,20041,7600,7304
DONIPHAN,43,20,20043,3439,3694
DOUGLAS,45,20,20045,13383,9774
EDWARDS,47,20,20047,1929,2054
ELK,49,20,20049,2258,2487
ELLIS,51,20,20051,6112,5117
ELLSWORTH,53,20,20053,2965,2904
FINNEY,55,20,20055,5072,4630
FORD,57,20,20057,6909,6338
FRANKLIN,59,20,20059,7110,6769
GEARY,61,20,20061,8337,6369
GOVE,63,20,20063,1363,1271
GRAHAM,65,20,20065,1830,1602
GRANT,67,20,20067,1543,1401
GRAY,69,20,20069,1499,1483
GREELEY,71,20,20071,674,600
GREENWOOD,73,20,20073,4670,4786
HAMILTON,75,20,20075,1161,1184
HARPER,77,20,20077,3757,3665
HARVEY,79,20,20079,8548,6930
HASKELL,81,20,20081,959,802
HODGEMAN,83,20,20083,1012,1011
JACKSON,85,20,20085,3888,3937
JEFFERSON,87,20,20087,3862,3839
JEWELL,89,20,20089,3094,3436
JOHNSON,91,20,20091,43429,20267
KEARNY,93,20,20093,998,1042
KINGMAN,95,20,20095,3444,3387
KIOWA,97,20,20097,1642,1605
LABETTE,99,20,20099,10070,9894
LANE,101,20,20101,1063,867
LEAVENWORTH,103,20,20103,13069,11542
LINCOLN,105,20,20105,2184,2365
LINN,107,20,20107,3383,3672
LOGAN,109,20,20109,1370,1326
LYON,111,20,20111,9134,8853
MCPHERSON,113,20,20113,8076,7690
MARION,115,20,20115,5264,5373
MARSHALL,117,20,20117,5961,6324
MEADE,119,20,20119,1924,1823
MIAMI,121,20,20121,6627,6087
MITCHELL,123,20,20123,3391,3643
MONTGOMERY,125,20,20125,17056,16403
MORRIS,127,20,20127,3032,3128
MORTON,129,20,20129,1138,842
NEMAHA,131,20,20131,4375,4659
NEOSHO,133,20,20133,7102,6929
NESS,135,20,20135,2007,2000
NORTON,137,20,20137,2893,2918
OSAGE,139,20,20139,4788,4462
OSBORNE,141,20,20141,2940,3119
OTTAWA,143,20,20143,2740,2666
PAWNEE,145,20,20145,3359,2883
PHILLIPS,147,20,20147,3324,3386
POTTAWATOMIE,149,20,20149,4234,4095
PRATT,151,20,20151,4485,4217
RAWLINS,153,20,20153,1822,1843
RENO,155,20,20155,20551,17957
REPUBLIC,157,20,20157,4007,4272
RICE,159,20,20159,5003,5215
RILEY,161,20,20161,11631,8390
ROOKS,163,20,20163,3413,2943
RUSH,165,20,20165,2336,2305
RUSSELL,167,20,20167,4143,4431
SALINE,169,20,20169,17295,11242
SCOTT,171,20,20171,1686,1478
SEDGWICK,173,20,20173,114038,73829
SEWARD,175,20,20175,4991,3219
SHAWNEE,177,20,20177,46015,33917
SHERIDAN,179,20,20179,1324,1406
SHERMAN,181,20,20181,2351,2395
SMITH,183,20,20183,3182,3449
STAFFORD,185,20,20185,2927,3157
STANTON,187,20,20187,706,580
STEVENS,189,20,20189,1480,1365
SUMNER,191,20,20191,9318,8195
THOMAS,193,20,20193,2542,2437
TREGO,195,20,20195,1844,1773
WABAUNSEE,197,20,20197,2720,2749
WALLACE,199,20,20199,707,778
WASHINGTON,201,20,20201,4115,4501
WICHITA,203,20,20203,925,801
WILSON,205,20,20205,5173,5267
WOODSON,207,20,20207,2270,2394
WYANDOTTE,209,20,20209,58583,50395
ADAIR,1,21,21001,4636,4783
ALLEN,3,21,21003,4175,4301
ANDERSON,5,21,21005,2802,2742
BALLARD,7,21,21007,3128,2767
BARREN,9,21,21009,9282,8292
BATH,11,21,21011,2874,2926
BELL,13,21,21013,9900,11293
BOONE,15,21,21015,6291,3986
BOURBON,17,21,21017,5824,5415
BOYD,19,21,21019,16185,13885
BOYLE,21,21,21021,6302,5501
BRACKEN,23,21,21023,2518,2745
BREATHITT,25,21,21025,4025,4360
BRECKINRIDGE,27,21,21027,4741,4632
BULLITT,29,21,21029,4713,3512
BUTLER,31,21,21031,3119,3208
CALDWELL,33,21,21033,4571,4091
CALLOWAY,35,21,21035,7205,6453
CAMPBELL,37,21,21037,26714,22980
CARLISLE,39,21,21039,2032,1985
CARROLL,41,21,21041,2734,2745
CARTER,43,21,21043,5860,5561
CASEY,45,21,21045,4194,4460
CHRISTIAN,47,21,21047,15308,11300
CLARK,49,21,21049,6775,5652
CLAY,51,21,21051,4993,5071
CLINTON,53,21,21053,2643,2744
CRITTENDEN,55,21,21055,3186,3549
CUMBERLAND,57,21,21057,2531,2634
DAVIESS,59,21,21059,21387,16155
EDMONSON,61,21,21061,2573,2543
ELLIOTT,63,21,21063,1783,1672
ESTILL,65,21,21065,3905,3825
FAYETTE,67,21,21067,40263,27905
FLEMING,69,21,21069,3607,3630
FLOYD,71,21,21071,10880,12065
FRANKLIN,73,21,21073,9351,7668
FULTON,75,21,21075,3908,4227
GALLATIN,77,21,21077,1310,1246
GARRARD,79,21,21079,3388,3430
GRANT,81,21,21081,3371,3096
GRAVES,83,21,21083,10663,9971
GRAYSON,85,21,21085,5247,4996
GREEN,87,21,21087,3614,3375
GREENUP,89,21,21089,8470,6563
HANCOCK,91,21,21091,1863,1855
HARDIN,93,21,21093,14883,10842
HARLAN,95,21,21095,14864,16782
HARRISON,97,21,21097,4604,4459
HART,99,21,21099,4672,4688
HENDERSON,101,21,21101,11219,9301
HENRY,103,21,21103,3738,3562
HICKMAN,105,21,21105,2326,2417
HOPKINS,107,21,21107,12643,11900
JACKSON,109,21,21109,3219,3244
JEFFERSON,111,21,21111,188311,142830
JESSAMINE,113,21,21113,3971,3556
JOHNSON,115,21,21115,5876,5992
KENTON,117,21,21117,37743,32144
KNOTT,119,21,21119,4284,4275
KNOX,121,21,21121,7046,7441
LARUE,123,21,21123,3271,2970
LAUREL,125,21,21125,7023,6617
LAWRENCE,127,21,21127,3778,3920
LEE,129,21,21129,2153,2360
LESLIE,131,21,21131,2379,3153
LETCHER,133,21,21133,8260,9236
LEWIS,135,21,21135,3934,3734
LINCOLN,137,21,21137,5090,5049
LIVINGSTON,139,21,21139,2531,2375
LOGAN,141,21,21141,6789,6462
LYON,143,21,21143,1802,1975
MCCRACKEN,145,21,21145,19739,15491
MCCREARY,147,21,21147,3191,3771
MCLEAN,149,21,21149,3167,3154
MADISON,151,21,21151,10175,8729
MAGOFFIN,153,21,21153,3008,3222
MARION,155,21,21155,4308,4278
MARSHALL,157,21,21157,6046,4577
MARTIN,159,21,21159,2462,2443
MASON,161,21,21161,5916,5667
MEADE,163,21,21163,5282,2520
MENIFEE,165,21,21165,1256,1247
MERCER,167,21,21167,5145,4633
METCALFE,169,21,21169,2801,2845
MONROE,171,21,21171,3718,3763
MONTGOMERY,173,21,21173,4230,3804
MORGAN,175,21,21175,3258,3457
MUHLENBERG,177,21,21177,8773,9167
NELSON,179,21,21179,5673,5010
NICHOLAS,181,21,21181,2289,2368
OHIO,183,21,21183,6144,6475
OLDHAM,185,21,21185,3555,2817
OWEN,187,21,21187,3054,3031
OWSLEY,189,21,21189,1684,1812
PENDLETON,191,21,21191,3255,3178
PERRY,193,21,21193,8794,10403
PIKE,195,21,21195,18203,18745
POWELL,197,21,21197,1904,1759
PULASKI,199,21,21199,11074,10531
ROBERTSON,201,21,21201,863,897
ROCKCASTLE,203,21,21203,3597,3603
ROWAN,205,21,21205,3532,3157
RUSSELL,207,21,21207,3878,3677
SCOTT,209,21,21209,4788,4483
SHELBY,211,21,21211,5846,5309
SIMPSON,213,21,21213,3764,3497
SPENCER,215,21,21215,1709,1699
TAYLOR,217,21,21217,4955,4116
TODD,219,21,21219,3781,3825
TRIGG,221,21,21221,2857,2926
TRIMBLE,223,21,21223,1621,1513
UNION,225,21,21225,4663,4594
WARREN,227,21,21227,14323,12611
WASHINGTON,229,21,21229,3221,3297
WAYNE,231,21,21231,4156,4139
WEBSTER,233,21,21233,5318,5257
WHITLEY,235,21,21235,7871,8335
WOLFE,237,21,21237,1685,1938
WOODFORD,239,21,21239,3787,3292
ACADIA,1,22,22001,14633,13056
ALLEN,3,22,22003,5967,5300
ASCENSION,5,22,22005,7802,6327
ASSUMPTION,7,22,22007,5090,4748
AVOYELLES,9,22,22009,11445,11028
BEAUREGARD,11,22,22011,6676,5341
BIENVILLE,13,22,22013,5279,5362
BOSSIER,15,22,22015,17404,10985
CADDO,17,22,22017,72119,52477
CALCASIEU,19,22,22019,43469,26750
CALDWELL,21,22,22021,2812,3001
CAMERON,23,22,22023,2613,2096
CATAHOULA,25,22,22025,3372,3529
CLAIBORNE,27,22,22027,6417,7236
CONCORDIA,29,22,22029,6256,4617
DE SOTO,31,22,22031,7437,7114
EAST BATON ROUGE,33,22,22033,66059,45937
EAST CARROLL,35,22,22035,4122,5015
EAST FELICIANA,37,22,22037,3924,3715
EVANGELINE,39,22,22039,9583,9349
FRANKLIN,41,22,22041,7302,8085
GRANT,43,22,22043,4521,4410
IBERIA,45,22,22045,14490,11466
IBERVILLE,47,22,22047,8469,7921
JACKSON,49,22,22049,4966,4355
JEFFERSON,51,22,22051,60163,30246
JEFFERSON DAVIS,53,22,22053,8910,7746
LAFAYETTE,55,22,22055,23642,15689
LAFOURCHE,57,22,22057,15177,11340
LA SALLE,59,22,22059,4293,3817
LINCOLN,61,22,22061,7605,6909
LIVINGSTON,63,22,22063,8585,5858
MADISON,65,22,22065,5055,5205
MOREHOUSE,67,22,22067,9848,9003
NATCHITOCHES,69,22,22069,10614,10788
ORLEANS,71,22,22071,202643,173608
OUACHITA,73,22,22073,31070,22361
PLAQUEMINES,75,22,22075,6217,3980
POINTE COUPEE,77,22,22077,6456,6269
RAPIDES,79,22,22079,32624,26084
RED RIVER,81,22,22081,3177,3562
RICHLAND,83,22,22083,6703,7436
SABINE,85,22,22085,5727,6023
ST. BERNARD,87,22,22087,8836,3232
ST. CHARLES,89,22,22089,5746,3692
ST. HELENA,91,22,22091,2315,2368
ST. JAMES,93,22,22093,4358,4061
ST. JOHN THE BAPTIST,95,22,22095,4714,3891
ST. LANDRY,97,22,22097,22078,19582
ST. MARTIN,99,22,22099,8187,6823
ST. MARY,101,22,22101,13538,10360
ST. TAMMANY,103,22,22103,13685,9213
TANGIPAHOA,105,22,22105,17734,15096
TENSAS,107,22,22107,3616,4434
TERREBONNE,109,22,22109,15862,11239
UNION,111,22,22111,5421,5519
VERMILION,113,22,22113,12037,11032
VERNON,115,22,22115,7541,5890
WASHINGTON,117,22,22117,13079,10832
WEBSTER,119,22,22119,13111,10341
WEST BATON ROUGE,121,22,22121,4096,3403
WEST CARROLL,123,22,22123,4205,4612
WEST FELICIANA,125,22,22125,2294,2011
WINN,127,22,22127,5263,4897
ANDROSCOGGIN,1,23,23001,29584,25584
AROOSTOOK,3,23,23003,30537,25233
CUMBERLAND,5,23,23005,68217,58911
FRANKLIN,7,23,23007,9125,7618
HANCOCK,9,23,23009,17850,14951
KENNEBEC,11,23,23011,31170,26839
KNOX,13,23,23013,12432,11384
LINCOLN,15,23,23015,10430,9185
OXFORD,17,23,23017,16480,15294
PENOBSCOT,19,23,23019,39675,31246
PISCATAQUIS,21,23,23021,7991,6525
SAGADAHOC,23,23,23023,8948,8004
SOMERSET,25,23,23025,14452,13674
WALDO,27,23,23027,9194,8559
WASHINGTON,29,23,23029,13782,13365
YORK,31,23,23031,44750,35069
ALLEGANY,1,24,24001,27165,26172
ANNE ARUNDEL,3,24,24003,61278,36345
BALTIMORE,5,24,24005,142949,78038
CALVERT,9,24,24009,5978,5072
CAROLINE,11,24,24011,6708,6281
CARROLL,13,24,24013,15002,11902
CECIL,15,24,24015,14730,10417
CHARLES,17,24,24017,9286,6355
DORCHESTER,19,24,24019,10519,9224
FREDERICK,21,24,24021,21443,17220
GARRETT,23,24,24023,7197,6438
HARFORD,25,24,24025,22489,14044
HOWARD,27,24,24027,10156,6205
KENT,29,24,24029,5776,4851
MONTGOMERY,31,24,24031,97141,47199
PRINCE GEORGE'S,33,24,24033,99617,54394
QUEEN ANNE'S,35,24,24035,5901,4705
ST. MARY'S,37,24,24037,11218,7724
SOMERSET,39,24,24039,6964,6721
TALBOT,41,24,24041,7917,6624
WASHINGTON,43,24,24043,29091,23302
WICOMICO,45,24,24045,16020,12662
WORCESTER,47,24,24047,9852,9341
BALTIMORE CITY,510,24,24510,290155,277880
BARNSTABLE,1,25,25001,54703,30306
BERKSHIRE,3,25,25003,48690,41710
BRISTOL,5,25,25005,133675,116666
DUKES,7,25,25007,5340,3987
ESSEX,9,25,25009,190231,164567
FRANKLIN,11,25,25011,19186,17470
HAMPDEN,13,25,25013,138904,107793
HAMPSHIRE,15,25,25015,30308,23490
MIDDLESEX,17,25,25017,366946,296983
NANTUCKET,19,25,25019,2817,2503
NORFOLK,21,25,25021,149789,112258
PLYMOUTH,23,25,25023,95684,73933
SUFFOLK,25,25,25025,268600,249289
WORCESTER,27,25,25027,186125,159230
ALCONA,1,26,26001,4986,3721
ALGER,3,26,26003,3820,3681
ALLEGAN,5,26,26005,20764,17757
ALPENA,7,26,26007,9584,6959
ANTRIM,9,26,26009,6693,4794
ARENAC,11,26,26011,4669,3990
BARAGA,13,26,26013,3049,2771
BARRY,15,26,26015,12723,10569
BAY,17,26,26017,32295,26417
BENZIE,19,26,26019,5154,4201
BERRIEN,21,26,26021,53896,42025
BRANCH,23,26,26023,12391,10533
CALHOUN,25,26,26025,44005,36399
CASS,27,26,26027,14762,11807
CHARLEVOIX,29,26,26029,6832,5969
CHEBOYGAN,31,26,26031,7560,6566
CHIPPEWA,33,26,26033,12263,10458
CLARE,35,26,26035,8033,5286
CLINTON,37,26,26037,11178,9331
CRAWFORD,39,26,26039,2388,2313
DELTA,41,26,26041,11917,10539
DICKINSON,43,26,26043,8702,8141
EATON,45,26,26045,15780,12776
EMMET,47,26,26047,7951,7691
GENESEE,49,26,26049,112876,80652
GLADWIN,51,26,26051,6841,4218
GOGEBIC,53,26,26053,9287,8518
GRAND TRAVERSE,55,26,26055,12870,9390
GRATIOT,57,26,26057,11584,10429
HILLSDALE,59,26,26059,12054,10898
HOUGHTON,61,26,26061,13477,14054
HURON,63,26,26063,13889,11685
INGHAM,65,26,26065,64125,50953
IONIA,67,26,26067,13054,11771
IOSCO,69,26,26069,8946,7716
IRON,71,26,26071,7106,5765
ISABELLA,73,26,26073,10018,8378
JACKSON,75,26,26075,41160,33254
KALAMAZOO,77,26,26077,52437,38853
KALKASKA,79,26,26079,3801,2360
KENT,81,26,26081,113141,89191
KEWEENAW,83,26,26083,1918,1721
LAKE,85,26,26085,5434,3993
LAPEER,87,26,26087,12872,10334
LEELANAU,89,26,26089,5686,3985
LENAWEE,91,26,26091,25621,21103
LIVINGSTON,93,26,26093,15946,11307
LUCE,95,26,26095,2893,1886
MACKINAC,97,26,26097,6168,4953
MACOMB,99,26,26099,113362,52306
MANISTEE,101,26,26101,8642,7428
MARQUETTE,103,26,26103,18219,14449
MASON,105,26,26105,9515,8027
MECOSTA,107,26,26107,8058,6901
MENOMINEE,109,26,26109,8391,7916
MIDLAND,111,26,26111,15290,10423
MISSAUKEE,113,26,26113,3080,2725
MONROE,115,26,26115,31159,23664
MONTCALM,117,26,26117,14378,11798
MONTMORENCY,119,26,26119,4544,2658
MUSKEGON,121,26,26121,46447,38420
NEWAYGO,123,26,26123,10773,8767
OAKLAND,125,26,26125,652204,632120
OCEANA,127,26,26127,7585,6129
OGEMAW,129,26,26129,5794,4927
ONTONAGON,131,26,26131,4150,3800
OSCEOLA,133,26,26133,5413,4913
OSCODA,135,26,26135,2691,2729
OTSEGO,137,26,26137,4210,2958
OTTAWA,139,26,26139,30766,23715
PRESQUE ISLE,141,26,26141,5411,4370
ROSCOMMON,143,26,26143,8059,5679
SAGINAW,145,26,26145,55905,44491
ST. CLAIR,147,26,26147,37877,29996
ST. JOSEPH,149,26,26149,15766,12851
SANILAC,151,26,26151,13721,11879
SCHOOLCRAFT,153,26,26153,3632,3626
SHIAWASSEE,155,26,26155,16805,14212
TUSCOLA,157,26,26157,13701,11861
VAN BUREN,159,26,26159,22349,17237
WASHTENAW,161,26,26161,51408,36613
WAYNE,163,26,26163,835249,685625
WEXFORD,165,26,26165,7211,6592
AITKIN,1,27,27001,7922,7338
ANOKA,3,27,27003,23193,10550
BECKER,5,27,27005,10844,8653
BELTRAMI,7,27,27007,9420,8618
BENTON,9,27,27009,4804,4146
BIG STONE,11,27,27011,3014,2857
BLUE EARTH,13,27,27013,13542,11206
BROWN,15,27,27015,8310,7464
CARLTON,17,27,27017,8641,7432
CARVER,19,27,27019,6250,5244
CASS,21,27,27021,12604,10463
CHIPPEWA,23,27,27023,5313,4957
CHISAGO,25,27,27025,5282,4469
CLAY,27,27,27027,11225,8331
CLEARWATER,29,27,27029,3256,3280
COOK,31,27,27031,2067,1699
COTTONWOOD,33,27,27033,5175,4696
CROW WING,35,27,27035,18290,14936
DAKOTA,37,27,27037,21554,13391
DODGE,39,27,27039,4008,3645
DOUGLAS,41,27,27041,8542,7428
FARIBAULT,43,27,27043,7622,6936
FILLMORE,45,27,27045,7673,7469
FREEBORN,47,27,27047,11875,10039
GOODHUE,49,27,27049,10559,9819
GRANT,51,27,27051,3026,2905
HENNEPIN,53,27,27053,271784,208122
HOUSTON,55,27,27055,5001,4313
HUBBARD,57,27,27057,6529,5754
ISANTI,59,27,27059,4404,3640
ITASCA,61,27,27061,15675,11061
JACKSON,63,27,27063,4954,4682
KANABEC,65,27,27065,3268,2933
KANDIYOHI,67,27,27067,10106,8631
KITTSON,69,27,27069,2922,2865
KOOCHICHING,71,27,27071,5876,5969
LAC QUI PARLE,73,27,27073,4214,4116
LAKE,75,27,27075,5821,3328
LAKE OF THE WOODS,77,27,27077,2047,1849
LE SUEUR,79,27,27079,6818,6207
LINCOLN,81,27,27081,3122,2955
LYON,83,27,27083,6830,6434
MCLEOD,85,27,27085,7469,6507
MAHNOMEN,87,27,27087,2104,1925
MARSHALL,89,27,27089,4674,4631
MARTIN,91,27,27091,8562,7482
MEEKER,93,27,27093,6207,5656
MILLE LACS,95,27,27095,5417,5507
MORRISON,97,27,27097,8448,7590
MOWER,99,27,27099,14481,11964
MURRAY,101,27,27101,4384,3970
NICOLLET,103,27,27103,5897,5091
NOBLES,105,27,27105,6913,6366
NORMAN,107,27,27107,3824,3827
OLMSTED,109,27,27109,20008,13530
OTTER TAIL,111,27,27111,20121,17111
PENNINGTON,113,27,27113,4040,3854
PINE,115,27,27115,6502,6302
PIPESTONE,117,27,27117,4255,3897
POLK,119,27,27119,12159,10728
POPE,121,27,27121,4527,4149
RAMSEY,123,27,27123,130468,105729
RED LAKE,125,27,27125,1785,1801
REDWOOD,127,27,27127,6730,6334
RENVILLE,129,27,27129,7135,6704
RICE,131,27,27131,10574,9148
ROCK,133,27,27133,3512,3212
ROSEAU,135,27,27135,4151,4068
ST. LOUIS,137,27,27137,81522,69414
SCOTT,139,27,27139,6146,4817
SHERBURNE,141,27,27141,4664,3434
SIBLEY,143,27,27143,4769,4431
STEARNS,145,27,27145,21395,17608
STEELE,147,27,27147,7698,6065
STEVENS,149,27,27149,3324,3053
SWIFT,151,27,27151,4656,4494
TODD,153,27,27153,8218,7762
TRAVERSE,155,27,27155,2484,2363
WABASHA,157,27,27157,5208,5101
WADENA,159,27,27159,3943,3738
WASECA,161,27,27161,5071,4564
WASHINGTON,163,27,27163,16111,11022
WATONWAN,165,27,27165,4465,4094
WILKIN,167,27,27167,3071,2858
WINONA,169,27,27169,12516,11760
WRIGHT,171,27,27171,11200,9245
YELLOW MEDICINE,173,27,27173,5081,4698
ADAMS,1,28,28001,11109,9556
ALCORN,3,28,28003,8107,7939
AMITE,5,28,28005,4352,5246
ATTALA,7,28,28007,6393,7411
BENTON,9,28,28009,2190,2307
BOLIVAR,11,28,28011,15508,18319
CALHOUN,13,28,28013,4670,5033
CARROLL,15,28,28015,3184,3884
CHICKASAW,17,28,28017,4902,5309
CHOCTAW,19,28,28019,2591,3102
CLAIBORNE,21,28,28021,2862,3283
CLARKE,23,28,28023,5005,5200
CLAY,25,28,28025,5433,5008
COAHOMA,27,28,28027,13087,14574
COPIAH,29,28,28029,7691,8620
COVINGTON,31,28,28031,4048,4203
DESOTO,33,28,28033,6253,6705
FORREST,35,28,28035,15958,13417
FRANKLIN,37,28,28037,2909,3145
GEORGE,39,28,28039,3084,2638
GREENE,41,28,28041,2252,2110
GRENADA,43,28,28043,5592,5398
HANCOCK,45,28,28045,6413,4505
HARRISON,47,28,28047,35227,23164
HINDS,49,28,28049,53613,40111
HOLMES,51,28,28051,7673,9114
HUMPHREYS,53,28,28053,5103,6605
ISSAQUENA,55,28,28055,1155,1651
ITAWAMBA,57,28,28057,4703,4749
JACKSON,59,28,28059,16226,9838
JASPER,61,28,28061,4512,4862
JEFFERSON,63,28,28063,2843,3204
JEFFERSON DAVIS,65,28,28065,3561,3928
JONES,67,28,28067,16840,15478
KEMPER,69,28,28069,3308,4160
LAFAYETTE,71,28,28071,5681,5905
LAMAR,73,28,28073,4092,3716
LAUDERDALE,75,28,28075,20803,19061
LAWRENCE,77,28,28077,2999,3286
LEAKE,79,28,28079,5335,5828
LEE,81,28,28081,12260,10966
LEFLORE,83,28,28083,13370,14718
LINCOLN,85,28,28085,7897,7854
LOWNDES,87,28,28087,12732,10211
MADISON,89,28,28089,7945,8686
MARION,91,28,28091,6838,6829
MARSHALL,93,28,28093,5772,6348
MONROE,95,28,28095,10173,10167
MONTGOMERY,97,28,28097,3955,4099
NESHOBA,99,28,28099,6700,6925
NEWTON,101,28,28101,5859,6182
NOXUBEE,103,28,28103,4456,5430
OKTIBBEHA,105,28,28105,6448,5814
PANOLA,107,28,28107,8329,8822
PEARL RIVER,109,28,28109,6633,5724
PERRY,111,28,28111,2486,2368
PIKE,113,28,28113,10291,9895
PONTOTOC,115,28,28115,5463,5840
PRENTISS,117,28,28117,5583,5543
QUITMAN,119,28,28119,5567,7377
RANKIN,121,28,28121,8482,6310
SCOTT,123,28,28123,5890,5799
SHARKEY,125,28,28125,3093,3855
SIMPSON,127,28,28127,5755,5859
SMITH,129,28,28129,4250,4505
STONE,131,28,28131,1986,1700
SUNFLOWER,133,28,28133,11818,15214
TALLAHATCHIE,135,28,28135,6872,8427
TATE,137,28,28137,4765,5006
TIPPAH,139,28,28139,4549,4883
TISHOMINGO,141,28,28141,4857,4505
TUNICA,143,28,28143,5130,6471
UNION,145,28,28145,5992,5854
WALTHALL,147,28,28147,3931,4023
WARREN,149,28,28149,13311,12560
WASHINGTON,151,28,28151,23030,21852
WAYNE,153,28,28153,4512,4356
WEBSTER,155,28,28155,3185,3322
WILKINSON,157,28,28157,3473,3678
WINSTON,159,28,28159,5350,5790
YALOBUSHA,161,28,28161,3893,4221
YAZOO,163,28,28163,8797,9769
ADAIR,1,29,29001,7283,6707
ANDREW,3,29,29003,4147,4091
ATCHISON,5,29,29005,3516,3780
AUDRAIN,7,29,29007,8956,8018
BARRY,9,29,29009,7062,7061
BARTON,11,29,29011,4597,4522
BATES,13,29,29013,6380,6373
BENTON,15,29,29015,5290,3612
BOLLINGER,17,29,29017,3405,3467
BOONE,19,29,29019,17131,13649
BUCHANAN,21,29,29021,31764,29624
BUTLER,23,29,29023,11934,11019
CALDWELL,25,29,29025,3627,3772
CALLAWAY,27,29,29027,7170,6596
CAMDEN,29,29,29029,5689,2785
CAPE GIRARDEAU,31,29,29031,13735,11651
CARROLL,33,29,29033,5264,5452
CARTER,35,29,29035,1587,1517
CASS,37,29,29037,9824,6756
CEDAR,39,29,29039,4013,4056
CHARITON,41,29,29041,5006,5411
CHRISTIAN,43,29,29043,4341,4083
CLARK,45,29,29045,3266,3208
CLAY,47,29,29047,27290,14555
CLINTON,49,29,29049,4398,4287
COLE,51,29,29051,12039,9601
COOPER,53,29,29053,5457,5417
CRAWFORD,55,29,29055,5494,4276
DADE,57,29,29057,3155,3337
DALLAS,59,29,29059,3680,3566
DAVIESS,61,29,29061,3969,4325
DEKALB,63,29,29063,2896,3050
DENT,65,29,29065,4172,3763
DOUGLAS,67,29,29067,3546,3831
DUNKLIN,69,29,29069,12940,13539
FRANKLIN,71,29,29071,15595,12527
GASCONADE,73,29,29073,4672,4135
GENTRY,75,29,29075,3720,4058
GREENE,77,29,29077,44062,34562
GRUNDY,79,29,29079,5000,4957
HARRISON,81,29,29081,4915,5120
HENRY,83,29,29083,7649,7243
HICKORY,85,29,29085,1984,2031
HOLT,87,29,29087,3379,3640
HOWARD,89,29,29089,3898,3840
HOWELL,91,29,29091,7987,7164
IRON,93,29,29093,3066,2741
JACKSON,95,29,29095,225714,178551
JASPER,97,29,29097,30044,27901
JEFFERSON,99,29,29099,22074,13219
JOHNSON,101,29,29101,9159,7069
KNOX,103,29,29103,2624,2827
LACLEDE,105,29,29105,6703,6207
LAFAYETTE,107,29,29107,9010,8437
LAWRENCE,109,29,29109,8510,7970
LEWIS,111,29,29111,3864,3876
LINCOLN,113,29,29113,6294,5199
LINN,115,29,29115,6737,6778
LIVINGSTON,117,29,29117,5953,5747
MCDONALD,119,29,29119,4773,4673
MACON,121,29,29121,6737,6677
MADISON,123,29,29123,3518,3391
MARIES,125,29,29125,2578,2428
MARION,127,29,29127,10747,10357
MERCER,129,29,29129,2383,2781
MILLER,131,29,29131,4804,4338
MISSISSIPPI,133,29,29133,6173,6310
MONITEAU,135,29,29135,3928,3693
MONROE,137,29,29137,4090,4194
MONTGOMERY,139,29,29139,4361,4187
MORGAN,141,29,29141,4634,4185
NEW MADRID,143,29,29143,9686,10698
NEWTON,145,29,29145,10859,9496
NODAWAY,147,29,29147,7673,7772
OREGON,149,29,29149,3807,3706
OSAGE,151,29,29151,3564,3341
OZARK,153,29,29153,2917,2731
PEMISCOT,155,29,29155,12056,13335
PERRY,157,29,29157,4685,4376
PETTIS,159,29,29159,12719,10862
PHELPS,161,29,29161,8459,6419
PIKE,163,29,29163,6229,6111
PLATTE,165,29,29165,7595,5105
POLK,167,29,29167,5456,5614
PULASKI,169,29,29169,9173,3648
PUTNAM,171,29,29171,2897,3390
RALLS,173,29,29173,3044,3071
RANDOLPH,175,29,29175,8587,8236
RAY,177,29,29177,6050,5860
REYNOLDS,179,29,29179,1895,2249
RIPLEY,181,29,29181,3650,3604
ST. CHARLES,183,29,29183,16501,9223
ST. CLAIR,185,29,29185,4092,4168
STE. GENEVIEVE,186,29,29186,3781,3365
ST. FRANCOIS,187,29,29187,12177,10270
ST. LOUIS,189,29,29189,207408,118897
SALINE,195,29,29195,8686,8551
SCHUYLER,197,29,29197,2053,2145
SCOTLAND,199,29,29199,2630,2834
SCOTT,201,29,29201,10328,9677
SHANNON,203,29,29203,2591,2753
SHELBY,205,29,29205,3634,3940
STODDARD,207,29,29207,9781,9842
STONE,209,29,29209,2962,3238
SULLIVAN,211,29,29211,3706,4123
TANEY,213,29,29213,4265,3407
TEXAS,215,29,29215,6659,6219
VERNON,217,29,29217,7458,7281
WARREN,219,29,29219,3019,2582
WASHINGTON,221,29,29221,4961,4260
WAYNE,223,29,29223,3561,3152
WEBSTER,225,29,29225,5034,4981
WORTH,227,29,29227,1628,1870
WRIGHT,229,29,29229,5135,5145
ST. LOUIS CITY,510,29,29510,262984,263037
BEAVERHEAD,1,30,30001,2885,2562
BIG HORN,3,30,30003,2842,2896
BLAINE,5,30,30005,2940,2738
BROADWATER,7,30,30007,946,941
CARBON,9,30,30009,3321,3447
CARTER,11,30,30011,884,929
CASCADE,13,30,30013,24086,16520
CHOUTEAU,15,30,30015,3022,2498
CUSTER,17,30,30017,4665,4037
DANIELS,19,30,30019,1381,1314
DAWSON,21,30,30021,3895,2961
DEER LODGE,23,30,30023,5768,4281
FALLON,25,30,30025,1288,1112
FERGUS,27,30,30027,4772,4560
FLATHEAD,29,30,30029,12510,10808
GALLATIN,31,30,30031,9074,6988
GARFIELD,33,30,30033,729,833
GLACIER,35,30,30035,3471,2933
GOLDEN VALLEY,37,30,30037,435,447
GRANITE,39,30,30039,1234,1384
HILL,41,30,30041,5742,4537
JEFFERSON,43,30,30043,1283,1369
JUDITH BASIN,45,30,30045,1197,979
LAKE,47,30,30047,5394,4863
LEWIS AND CLARK,49,30,30049,10442,8408
LIBERTY,51,30,30051,783,789
LINCOLN,53,30,30053,4245,2917
MCCONE,55,30,30055,1150,1069
MADISON,57,30,30057,2076,2360
MEAGHER,59,30,30059,842,766
MINERAL,61,30,30061,953,903
MISSOULA,63,30,30063,15232,11197
MUSSELSHELL,65,30,30065,1713,1881
PARK,67,30,30067,4597,4194
PETROLEUM,69,30,30069,333,376
PHILLIPS,71,30,30071,2206,2294
PONDERA,73,30,30073,2415,1993
POWDER RIVER,75,30,30075,850,920
POWELL,77,30,30077,2456,2018
PRAIRIE,79,30,30079,878,788
RAVALLI,81,30,30081,4518,4491
RICHLAND,83,30,30083,3580,3343
ROOSEVELT,85,30,30085,3584,2915
ROSEBUD,87,30,30087,1989,2161
SANDERS,89,30,30089,2850,2610
SHERIDAN,91,30,30091,2315,2246
SILVER BOW,93,30,30093,18222,16583
STILLWATER,95,30,30095,2039,1994
SWEET GRASS,97,30,30097,1196,1161
TETON,99,30,30099,2529,2303
TOOLE,101,30,30101,2351,2213
TREASURE,103,30,30103,443,450
VALLEY,105,30,30105,5293,3661
WHEATLAND,107,30,30107,1053,1032
WIBAUX,109,30,30109,563,599
YELLOWSTONE,111,30,30111,25833,17664
YELLOWSTONE NATIONAL PARK,113,30,30113,17,20
ADAMS,1,31,31001,9949,8837
ANTELOPE,3,31,31003,3646,3792
ARTHUR,5,31,31005,247,244
BANNER,7,31,31007,411,461
BLAINE,9,31,31009,387,365
BOONE,11,31,31011,3123,3390
BOX BUTTE,13,31,31013,4104,3818
BOYD,15,31,31015,1508,1502
BROWN,17,31,31017,1725,1598
BUFFALO,19,31,31019,8710,8210
BURT,21,31,31021,3675,3676
BUTLER,23,31,31023,3724,3848
CASS,25,31,31025,5963,5465
CEDAR,27,31,31027,3878,3926
CHASE,29,31,31029,1658,1699
CHERRY,31,31,31031,2788,2539
CHEYENNE,33,31,31033,4744,3704
CLAY,35,31,31035,3160,3253
COLFAX,37,31,31037,3473,3309
CUMING,39,31,31039,3947,3774
CUSTER,41,31,31041,6114,6402
DAKOTA,43,31,31043,3748,3114
DAWES,45,31,31045,3319,3330
DAWSON,47,31,31047,6820,6215
DEUEL,49,31,31049,1154,1116
DIXON,51,31,31051,2723,2806
DODGE,53,31,31053,10732,8407
DOUGLAS,55,31,31055,109249,82248
DUNDY,57,31,31057,1410,1501
FILLMORE,59,31,31059,3390,3385
FRANKLIN,61,31,31061,2048,2424
FRONTIER,63,31,31063,1634,1888
FURNAS,65,31,31065,3041,3360
GAGE,67,31,31067,8851,8889
GARDEN,69,31,31069,1312,1414
GARFIELD,71,31,31071,958,958
GOSPER,73,31,31073,830,1047
GRANT,75,31,31075,408,337
GREELEY,77,31,31077,1603,1643
HALL,79,31,31079,11950,10039
HAMILTON,81,31,31081,3025,3025
HARLAN,83,31,31083,1971,2459
HAYES,85,31,31085,697,747
HITCHCOCK,87,31,31087,1796,1941
HOLT,89,31,31089,4497,4420
HOOKER,91,31,31091,418,360
HOWARD,93,31,31093,2445,2496
JEFFERSON,95,31,31095,4213,4585
JOHNSON,97,31,31097,2308,2505
KEARNEY,99,31,31099,2229,2161
KEITH,101,31,31101,2748,2414
KEYA PAHA,103,31,31103,607,647
KIMBALL,105,31,31105,2396,1397
KNOX,107,31,31107,4471,4578
LANCASTER,109,31,31109,50522,37116
LINCOLN,111,31,31111,10191,9012
LOGAN,113,31,31113,410,428
LOUP,115,31,31115,400,418
MCPHERSON,117,31,31117,267,267
MADISON,119,31,31119,8381,7146
MERRICK,121,31,31121,2944,2906
MORRILL,123,31,31123,2524,2694
NANCE,125,31,31125,1969,2118
NEMAHA,127,31,31127,3476,3773
NUCKOLLS,129,31,31129,3052,3309
OTOE,131,31,31131,5902,5627
PAWNEE,133,31,31133,2125,2403
PERKINS,135,31,31135,1505,1558
PHELPS,137,31,31137,3486,3004
PIERCE,139,31,31139,2839,2873
PLATTE,141,31,31141,7440,5806
POLK,143,31,31143,2579,2670
RED WILLOW,145,31,31145,4520,4231
RICHARDSON,147,31,31147,5237,5552
ROCK,149,31,31149,921,988
SALINE,151,31,31151,4897,5085
SARPY,153,31,31153,8166,4246
SAUNDERS,155,31,31155,5945,5712
SCOTTS BLUFF,157,31,31157,11747,10930
SEWARD,159,31,31159,4475,4338
SHERIDAN,161,31,31161,3196,3024
SHERMAN,163,31,31163,2018,2070
SIOUX,165,31,31165,960,1076
STANTON,167,31,31167,1935,1983
THAYER,169,31,31169,3344,3587
THOMAS,171,31,31171,427,413
THURSTON,173,31,31173,2246,2436
VALLEY,175,31,31175,2431,2462
WASHINGTON,177,31,31177,3839,3549
WAYNE,179,31,31179,3115,2909
WEBSTER,181,31,31181,2266,2631
WHEELER,183,31,31183,496,547
YORK,185,31,31185,4822,4680
CHURCHILL,1,32,32001,2863,2159
CLARK,3,32,32003,43302,16298
DOUGLAS,5,32,32005,1981,998
ELKO,7,32,32007,4479,3787
ESMERALDA,9,32,32009,362,513
EUREKA,11,32,32011,478,464
HUMBOLDT,13,32,32013,2143,1550
LANDER,15,32,32015,778,691
LINCOLN,17,32,32017,1180,1409
LYON,19,32,32019,2073,1291
MINERAL,21,32,32021,2607,2326
NYE,23,32,32023,1726,1634
PERSHING,27,32,32027,1617,1128
STOREY,29,32,32029,310,354
WASHOE,31,32,32031,29675,17186
WHITE PINE,33,32,32033,3555,3358
CARSON CITY,510,32,32510,0,0
BELKNAP,1,33,33001,12170,12490
CARROLL,3,33,33003,9869,8763
CHESHIRE,5,33,33005,16772,14222
COOS,7,33,33007,12723,11210
GRAFTON,9,33,33009,19616,17196
HILLSBOROUGH,11,33,33011,59279,50430
MERRIMACK,13,33,33013,24492,21124
ROCKINGHAM,15,33,33015,38941,29623
STRAFFORD,17,33,33017,19681,16292
SULLIVAN,19,33,33019,10897,9213
ATLANTIC,1,34,34001,64601,48604
BERGEN,3,34,34003,236696,162427
BURLINGTON,5,34,34005,60126,36113
CAMDEN,7,34,34007,119178,88429
CAPE MAY,9,34,34009,47377,32233
CUMBERLAND,11,34,34011,35297,27793
ESSEX,13,34,34013,299832,260870
GLOUCESTER,15,34,34015,42053,28493
HUDSON,17,34,34017,204800,189614
HUNTERDON,19,34,34019,18029,14081
MERCER,21,34,34021,79477,60784
MIDDLESEX,23,34,34023,125347,76353
MONMOUTH,25,34,34025,115619,82668
MORRIS,27,34,34027,82327,53237
OCEAN,29,34,34029,71657,38485
PASSAIC,31,34,34031,134391,107577
SALEM,33,34,34033,19208,15582
SOMERSET,35,34,34035,42323,27742
SUSSEX,37,34,34037,25098,17900
UNION,39,34,34039,154180,114849
WARREN,41,34,34041,21324,17639
ALBANY,1,36,36001,90977,74582
ALLEGANY,3,36,36003,14792,13737
BRONX,5,36,36005,473159,432259
BROOME,7,36,36007,66727,55264
CATTARAUGUS,9,36,36009,26840,23745
CAYUGA,11,36,36011,24987,22520
CHAUTAUQUA,13,36,36013,52454,46132
CHEMUNG,15,36,36015,31084,26539
CHENANGO,17,36,36017,13901,12719
CLINTON,19,36,36019,20348,14857
COLUMBIA,21,36,36021,18212,15826
CORTLAND,23,36,36023,12964,11421
DELAWARE,25,36,36025,15543,14670
DUTCHESS,27,36,36027,54647,38344
ERIE,29,36,36029,334941,261157
ESSEX,31,36,36031,14506,13019
FRANKLIN,33,36,36033,16209,13798
FULTON,35,36,36035,21451,19143
GENESEE,37,36,36037,16580,14159
GREENE,39,36,36039,14054,10912
HAMILTON,41,36,36041,2707,3203
HERKIMER,43,36,36043,24056,20097
JEFFERSON,45,36,36045,33783,30492
KINGS,47,36,36047,875757,814134
LEWIS,49,36,36049,8055,7528
LIVINGSTON,51,36,36051,13996,12348
MADISON,53,36,36053,18734,15743
MONROE,55,36,36055,185476,147923
MONTGOMERY,57,36,36057,19876,18737
NASSAU,59,36,36059,366303,206701
NEW YORK,61,36,36061,727424,635944
NIAGARA,63,36,36063,74824,56266
ONEIDA,65,36,36065,82990,66052
ONONDAGA,67,36,36067,131049,101296
ONTARIO,69,36,36069,22942,19310
ORANGE,71,36,36071,67133,50964
ORLEANS,73,36,36073,11822,10005
OSWEGO,75,36,36075,28324,24608
OTSEGO,77,36,36077,18722,17324
PUTNAM,79,36,36079,17701,11574
QUEENS,81,36,36081,617077,495308
RENSSELAER,83,36,36083,47791,40898
RICHMOND,85,36,36085,65156,55820
ROCKLAND,87,36,36087,38988,25382
ST. LAWRENCE,89,36,36089,34862,29650
SARATOGA,91,36,36091,31392,25596
SCHENECTADY,93,36,36093,52375,44634
SCHOHARIE,95,36,36095,8418,7730
SCHUYLER,97,36,36097,5643,5004
SENECA,99,36,36099,10299,9280
STEUBEN,101,36,36101,32396,28724
SUFFOLK,103,36,36103,224451,108402
SULLIVAN,105,36,36105,45020,35419
TIOGA,107,36,36107,11534,9436
TOMPKINS,109,36,36109,19910,16251
ULSTER,111,36,36111,49359,36788
WARREN,113,36,36113,20614,14985
WASHINGTON,115,36,36115,16857,15130
WAYNE,117,36,36117,23283,19336
WESTCHESTER,119,36,36119,254766,187257
WYOMING,121,36,36121,11612,10645
YATES,123,36,36123,8027,7079
ALAMANCE,1,37,37001,25413,19120
ALEXANDER,3,37,37003,4505,3756
ALLEGHANY,5,37,37005,2738,2318
ANSON,7,37,37007,6947,6753
ASHE,9,37,37009,5892,5691
AVERY,11,37,37011,3452,3490
BEAUFORT,13,37,37013,11384,10326
BERTIE,15,37,37015,6256,6120
BLADEN,17,37,37017,7895,7268
BRUNSWICK,19,37,37019,6616,5175
BUNCOMBE,21,37,37021,42390,35616
BURKE,23,37,37023,14501,11195
CABARRUS,25,37,37025,20757,17287
CALDWELL,27,37,37027,13870,11082
CAMDEN,29,37,37029,1597,1579
CARTERET,31,37,37031,9866,6710
CASWELL,33,37,37033,5138,4860
CATAWBA,35,37,37035,21931,16714
CHATHAM,37,37,37037,7572,6702
CHEROKEE,39,37,37039,4897,4743
CHOWAN,41,37,37041,3378,3092
CLAY,43,37,37043,1701,1566
CLEVELAND,45,37,37045,18731,16326
COLUMBUS,47,37,37047,13475,12590
CRAVEN,49,37,37049,16457,12127
CUMBERLAND,51,37,37051,36531,21850
CURRITUCK,53,37,37053,2280,2054
DARE,55,37,37055,4045,2009
DAVIDSON,57,37,37057,23700,16705
DAVIE,59,37,37059,5029,4238
DUPLIN,61,37,37061,11407,10839
DURHAM,63,37,37063,32994,26917
EDGECOMBE,65,37,37065,14216,12375
FORSYTH,67,37,37067,57241,41338
FRANKLIN,69,37,37069,7988,7690
GASTON,71,37,37071,36630,28751
GATES,73,37,37073,2456,2297
GRAHAM,75,37,37075,1962,1945
GRANVILLE,77,37,37077,8311,7198
GREENE,79,37,37079,4170,3994
GUILFORD,81,37,37081,72726,51547
HALIFAX,83,37,37083,15418,13872
HARNETT,85,37,37085,13579,11927
HAYWOOD,87,37,37087,13108,10623
HENDERSON,89,37,37089,14556,10752
HERTFORD,91,37,37091,5842,4987
HOKE,93,37,37093,3881,3516
HYDE,95,37,37095,1903,1867
IREDELL,97,37,37097,18748,15272
JACKSON,99,37,37099,5607,4981
JOHNSTON,101,37,37101,18477,16810
JONES,103,37,37103,2882,2542
LEE,105,37,37105,7628,5975
LENOIR,107,37,37107,15289,11378
LINCOLN,109,37,37109,8153,6854
MCDOWELL,111,37,37111,7068,6307
MACON,113,37,37113,8178,6745
MADISON,115,37,37115,5702,5004
MARTIN,117,37,37117,4840,5156
MECKLENBURG,119,37,37119,82461,54332
MITCHELL,121,37,37121,4120,4024
MONTGOMERY,123,37,37123,5439,4597
MOORE,125,37,37125,11259,9033
NASH,127,37,37127,16676,14174
NEW HANOVER,129,37,37129,24578,20717
NORTHAMPTON,131,37,37131,6856,6467
ONSLOW,133,37,37133,18648,8625
ORANGE,135,37,37135,11418,8422
PAMLICO,137,37,37137,3038,2780
PASQUOTANK,139,37,37139,7588,6798
PENDER,141,37,37141,5964,4894
PERQUIMANS,143,37,37143,2717,2596
PERSON,145,37,37145,7163,6032
PITT,147,37,37147,18505,15074
POLK,149,37,37149,4322,3557
RANDOLPH,151,37,37151,18879,13867
RICHMOND,153,37,37153,11534,10382
ROBESON,155,37,37155,21726,20068
ROCKINGHAM,157,37,37157,20944,17544
ROWAN,159,37,37159,25777,21061
RUTHERFORD,161,37,37161,14273,12537
SAMPSON,163,37,37163,13217,12318
SCOTLAND,165,37,37165,6679,6342
STANLY,167,37,37167,12878,10231
STOKES,169,37,37169,6502,5713
SURRY,171,37,37171,14480,11828
SWAIN,173,37,37173,2781,2575
TRANSYLVANIA,175,37,37175,5199,4248
TYRRELL,177,37,37177,1322,1337
UNION,179,37,37179,12665,10667
VANCE,181,37,37181,9008,7997
WAKE,183,37,37183,48920,34539
WARREN,185,37,37185,5050,5298
WASHINGTON,187,37,37187,3589,3306
WATAUGA,189,37,37189,5554,4945
WAYNE,191,37,37191,21935,16233
WILKES,193,37,37193,12659,11474
WILSON,195,37,37195,15804,13255
YADKIN,197,37,37197,6865,5850
YANCEY,199,37,37199,4061,4109
ADAMS,1,38,38001,1418,1454
BARNES,3,38,38003,5151,4939
BENSON,5,38,38005,3003,3086
BILLINGS,7,38,38007,429,487
BOTTINEAU,9,38,38009,4219,3878
BOWMAN,11,38,38011,1371,1272
BURKE,13,38,38013,2202,2241
BURLEIGH,15,38,38015,10311,7185
CASS,17,38,38017,20679,16506
CAVALIER,19,38,38019,3213,3332
DICKEY,21,38,38021,2605,2665
DIVIDE,23,38,38023,2008,2022
DUNN,25,38,38025,1851,1869
EDDY,27,38,38027,1518,1509
EMMONS,29,38,38029,2317,2478
FOSTER,31,38,38031,1635,1551
GOLDEN VALLEY,33,38,38033,995,1034
GRAND FORKS,35,38,38035,14185,10788
GRANT,37,38,38037,1886,1875
GRIGGS,39,38,38039,1684,1640
HETTINGER,41,38,38041,1810,1845
KIDDER,43,38,38043,1615,1685
LAMOURE,45,38,38045,2639,2647
LOGAN,47,38,38047,1586,1616
MCHENRY,49,38,38049,3505,3615
MCINTOSH,51,38,38051,2153,2150
MCKENZIE,53,38,38053,2451,2183
MCLEAN,55,38,38055,4723,5356
MERCER,57,38,38057,2336,2375
MORTON,59,38,38059,6091,5204
MOUNTRAIL,61,38,38061,3254,3060
NELSON,63,38,38063,2416,2449
OLIVER,65,38,38065,749,813
PEMBINA,67,38,38067,4001,3979
PIERCE,69,38,38069,2185,2271
RAMSEY,71,38,38071,4121,4049
RANSOM,73,38,38073,2633,2608
RENVILLE,75,38,38075,1628,1711
RICHLAND,77,38,38077,5719,5535
ROLETTE,79,38,38079,2675,2702
SARGENT,81,38,38081,2032,2141
SHERIDAN,83,38,38083,1386,1486
SIOUX,85,38,38085,851,862
SLOPE,87,38,38087,622,702
STARK,89,38,38089,5103,4194
STEELE,91,38,38091,1549,1528
STUTSMAN,93,38,38093,7037,6285
TOWNER,95,38,38095,1855,1938
TRAILL,97,38,38097,3412,3342
WALSH,99,38,38099,5508,5199
WARD,101,38,38101,14098,10130
WELLS,103,38,38103,3025,3017
WILLIAMS,105,38,38105,7149,5281
ADAMS,1,39,39001,6759,6648
ALLEN,3,39,39003,32265,26662
ASHLAND,5,39,39005,12746,10620
ASHTABULA,7,39,39007,32506,26875
ATHENS,9,39,39009,13614,12855
AUGLAIZE,11,39,39011,11314,9583
BELMONT,13,39,39013,27716,26700
BROWN,15,39,39015,8103,7082
BUTLER,17,39,39017,58544,42173
CARROLL,19,39,39019,6934,5807
CHAMPAIGN,21,39,39021,9488,8571
CLARK,23,39,39023,40901,33507
CLERMONT,25,39,39025,22939,12917
CLINTON,27,39,39027,9690,8123
COLUMBIANA,29,39,39029,34396,30255
COSHOCTON,31,39,39031,11157,10168
CRAWFORD,33,39,39033,15231,12564
CUYAHOGA,35,39,39035,518682,414889
DARKE,37,39,39037,14800,13140
DEFIANCE,39,39,39039,9607,8080
DELAWARE,41,39,39041,10895,8943
ERIE,43,39,39043,22993,17787
FAIRFIELD,45,39,39045,21318,17214
FAYETTE,47,39,39047,8073,7067
FRANKLIN,49,39,39049,214056,148214
FULTON,51,39,39051,9016,7924
GALLIA,53,39,39053,7632,6753
GEAUGA,55,39,39055,14128,8456
GREENE,57,39,39057,26493,16404
GUERNSEY,59,39,39059,13069,12221
HAMILTON,61,39,39061,279429,228833
HANCOCK,63,39,39063,17699,14493
HARDIN,65,39,39065,9642,9059
HARRISON,67,39,39067,6067,5988
HENRY,69,39,39069,7999,7018
HIGHLAND,71,39,39071,10296,9164
HOCKING,73,39,39073,6809,6264
HOLMES,75,39,39075,5840,5116
HURON,77,39,39077,14464,12077
JACKSON,79,39,39079,9556,8341
JEFFERSON,81,39,39081,30655,27538
KNOX,83,39,39083,12589,10922
LAKE,85,39,39085,43770,24013
LAWRENCE,87,39,39087,17186,14158
LICKING,89,39,39089,29465,23160
LOGAN,91,39,39091,13964,12464
LORAIN,93,39,39093,62349,43044
LUCAS,95,39,39095,146878,119111
MADISON,97,39,39097,7518,6163
MAHONING,99,39,39099,90675,71984
MARION,101,39,39101,18871,15254
MEDINA,103,39,39103,19595,12804
MEIGS,105,39,39105,7531,7407
MERCER,107,39,39107,10208,8620
MIAMI,109,39,39109,23694,19324
MONROE,111,39,39111,5306,5131
MONTGOMERY,113,39,39113,162609,117123
MORGAN,115,39,39115,4665,4473
MORROW,117,39,39117,5967,5277
MUSKINGUM,119,39,39119,25502,22977
NOBLE,121,39,39121,3946,3795
OTTAWA,123,39,39123,14687,11021
PAULDING,125,39,39125,5386,4823
PERRY,127,39,39127,9156,9009
PICKAWAY,129,39,39129,10129,7786
PIKE,131,39,39131,6416,4240
PORTAGE,133,39,39133,26266,18685
PREBLE,135,39,39135,9984,8226
PUTNAM,137,39,39137,7981,7242
RICHLAND,139,39,39139,36581,27129
ROSS,141,39,39141,18242,15476
SANDUSKY,143,39,39143,18048,14403
SCIOTO,145,39,39145,27959,24840
SENECA,147,39,39147,17839,15796
SHELBY,149,39,39149,10318,8636
STARK,151,39,39151,104238,83153
SUMMIT,153,39,39153,159860,122845
TRUMBULL,155,39,39155,62352,45698
TUSCARAWAS,157,39,39157,24679,21612
UNION,159,39,39159,7287,6435
VAN WERT,161,39,39161,9589,8751
VINTON,163,39,39163,3393,3164
WARREN,165,39,39165,18481,11219
WASHINGTON,167,39,39167,16605,13929
WAYNE,169,39,39169,21424,16617
WILLIAMS,171,39,39171,10014,8822
WOOD,173,39,39173,21670,17554
WYANDOT,175,39,39175,6758,6157
ADAIR,1,40,40001,3999,4027
ALFALFA,3,40,40003,3632,3858
ATOKA,5,40,40005,3441,4108
BEAVER,7,40,40007,2487,2603
BECKHAM,9,40,40009,7020,7219
BLAINE,11,40,40011,4820,5160
BRYAN,13,40,40013,8772,9077
CADDO,15,40,40015,10261,10989
CANADIAN,17,40,40017,8590,8058
CARTER,19,40,40019,14888,11782
CHEROKEE,21,40,40021,5765,5310
CHOCTAW,23,40,40023,5886,6084
CIMARRON,25,40,40025,1642,1527
CLEVELAND,27,40,40027,14254,11171
COAL,29,40,40029,2081,2415
COMANCHE,31,40,40031,24697,16532
COTTON,33,40,40033,2874,3430
CRAIG,35,40,40035,5108,5032
CREEK,37,40,40037,14443,14095
CUSTER,39,40,40039,7528,6867
DELAWARE,41,40,40041,5670,5167
DEWEY,43,40,40043,2662,3034
ELLIS,45,40,40045,2247,2492
GARFIELD,47,40,40047,18733,16954
GARVIN,49,40,40049,9684,8948
GRADY,51,40,40051,10841,11367
GRANT,53,40,40053,3458,3852
GREER,55,40,40055,3452,3910
HARMON,57,40,40057,2682,2671
HARPER,59,40,40059,2139,2015
HASKELL,61,40,40061,3234,3751
HUGHES,63,40,40063,5642,6376
JACKSON,65,40,40065,9668,6905
JEFFERSON,67,40,40067,3186,3687
JOHNSTON,69,40,40069,3008,3314
KAY,71,40,40071,18169,16535
KINGFISHER,73,40,40073,3990,4497
KIOWA,75,40,40075,5811,6496
LATIMER,77,40,40077,2724,2850
LE FLORE,79,40,40079,10301,10637
LINCOLN,81,40,40081,7096,7419
LOGAN,83,40,40083,7066,7487
LOVE,85,40,40085,2177,2368
MCCLAIN,87,40,40087,4401,4555
MCCURTAIN,89,40,40089,8620,9207
MCINTOSH,91,40,40091,4238,5247
MAJOR,93,40,40093,3098,3307
MARSHALL,95,40,40095,3198,2827
MAYES,97,40,40097,7663,6521
MURRAY,99,40,40099,4125,3711
MUSKOGEE,101,40,40101,20959,20473
NOBLE,103,40,40103,4010,4305
NOWATA,105,40,40105,3997,4227
OKFUSKEE,107,40,40107,4227,5381
OKLAHOMA,109,40,40109,150098,108083
OKMULGEE,111,40,40111,13216,14022
OSAGE,113,40,40113,11894,11212
OTTAWA,115,40,40115,10947,11183
PAWNEE,117,40,40117,4344,4404
PAYNE,119,40,40119,14768,13825
PITTSBURG,121,40,40121,12692,12753
PONTOTOC,123,40,40123,10270,9841
POTTAWATOMIE,125,40,40125,15136,14439
PUSHMATAHA,127,40,40127,3533,3765
ROGER MILLS,129,40,40129,1979,2457
ROGERS,131,40,40131,7347,6130
SEMINOLE,133,40,40133,10295,12337
SEQUOYAH,135,40,40135,5771,5323
STEPHENS,137,40,40137,13496,11124
TEXAS,139,40,40139,4700,4591
TILLMAN,141,40,40141,5649,6034
TULSA,143,40,40143,119525,81251
WAGONER,145,40,40145,5777,4951
WASHINGTON,147,40,40147,14578,10738
WASHITA,149,40,40149,6113,5901
WOODS,151,40,40151,4536,4917
WOODWARD,153,40,40153,4657,4573
BAKER,1,41,41001,6435,5743
BENTON,3,41,41003,11715,9449
CLACKAMAS,5,41,41005,40032,31081
CLATSOP,7,41,41007,12392,12438
COLUMBIA,9,41,41009,8007,8095
COOS,11,41,41011,18489,14344
CROOK,13,41,41013,3233,2842
CURRY,15,41,41015,4675,2332
DESCHUTES,17,41,41017,8472,7297
DOUGLAS,19,41,41019,22238,17501
GILLIAM,21,41,41021,1186,982
GRANT,23,41,41023,2910,2683
HARNEY,25,41,41025,2343,2051
HOOD RIVER,27,41,41027,6476,5670
JACKSON,29,41,41029,26102,20424
JEFFERSON,31,41,41031,2464,1734
JOSEPHINE,33,41,41033,11059,9519
KLAMATH,35,41,41035,16942,14877
LAKE,37,41,41037,2890,2540
LANE,39,41,41039,52042,41069
LINCOLN,41,41,41041,10380,8986
LINN,43,41,41043,19489,17558
MALHEUR,45,41,41045,8053,7100
MARION,47,41,41047,40296,32206
MORROW,49,41,41049,1778,1631
MULTNOMAH,51,41,41051,189548,163941
POLK,53,41,41053,9526,9979
SHERMAN,55,41,41055,885,746
TILLAMOOK,57,41,41057,7830,7931
UMATILLA,59,41,41059,15782,13997
UNION,61,41,41061,6490,6188
WALLOWA,63,41,41063,2842,2692
WASCO,65,41,41065,7372,5355
WASHINGTON,67,41,41067,29996,20844
WHEELER,69,41,41069,987,1109
YAMHILL,71,41,41071,11497,11069
ADAMS,1,42,42001,15966,12854
ALLEGHENY,3,42,42003,503006,430680
ARMSTRONG,5,42,42005,25851,23531
BEAVER,7,42,42007,61755,48845
BEDFORD,9,42,42009,13951,12130
BERKS,11,42,42011,91895,75843
BLAIR,13,42,42013,43561,40941
BRADFORD,15,42,42015,17617,16330
BUCKS,17,42,42017,89483,44331
BUTLER,19,42,42019,35263,28326
CAMBRIA,21,42,42021,60772,55431
CAMERON,23,42,42023,2704,2530
CARBON,25,42,42025,17794,16616
CENTRE,27,42,42027,22022,16959
CHESTER,29,42,42029,58974,42143
CLARION,31,42,42031,12319,11085
CLEARFIELD,33,42,42033,26111,24762
CLINTON,35,42,42035,12000,11090
COLUMBIA,37,42,42037,17936,16321
CRAWFORD,39,42,42039,28103,25979
CUMBERLAND,41,42,42041,39088,28441
DAUPHIN,43,42,42043,72281,58915
DELAWARE,45,42,42045,162030,116935
ELK,47,42,42047,11945,9698
ERIE,49,42,42049,78926,64813
FAYETTE,51,42,42051,53739,52869
FOREST,53,42,42053,4618,2933
FRANKLIN,55,42,42055,28073,22111
FULTON,57,42,42057,3281,2940
GREENE,59,42,42059,12842,12702
HUNTINGDON,61,42,42061,13712,12362
INDIANA,63,42,42063,22953,21678
JEFFERSON,65,42,42065,15939,14810
JUNIATA,67,42,42067,5216,4655
LACKAWANNA,69,42,42069,74721,74060
LANCASTER,71,42,42071,84104,67376
LAWRENCE,73,42,42073,34607,29985
LEBANON,75,42,42075,28445,23665
LEHIGH,77,42,42077,72614,56898
LUZERNE,79,42,42079,113505,110981
LYCOMING,81,42,42081,36586,31577
MCKEAN,83,42,42083,18652,17847
MERCER,85,42,42085,39078,31941
MIFFLIN,87,42,42087,14532,13104
MONROE,89,42,42089,19150,14345
MONTGOMERY,91,42,42091,153085,96598
MONTOUR,93,42,42093,4419,3797
NORTHAMPTON,95,42,42095,64028,52645
NORTHUMBERLAND,97,42,42097,34926,34106
PERRY,99,42,42099,8454,7542
PHILADELPHIA,101,42,42101,649033,599495
PIKE,103,42,42103,9612,5960
POTTER,105,42,42105,6829,6275
SCHUYLKILL,107,42,42107,58039,56658
SNYDER,109,42,42109,7528,6408
SOMERSET,111,42,42111,24640,23318
SULLIVAN,113,42,42113,3055,2417
SUSQUEHANNA,115,42,42115,11429,10818
TIOGA,117,42,42117,11535,11068
UNION,119,42,42119,7131,6120
VENANGO,121,42,42121,21521,19276
WARREN,123,42,42123,16298,13400
WASHINGTON,125,42,42125,67447,59940
WAYNE,127,42,42127,12011,9926
WESTMORELAND,129,42,42129,108630,89005
WYOMING,131,42,42131,6859,6300
YORK,133,42,42133,77648,61054
BRISTOL,1,44,44001,12051,9566
KENT,3,44,44003,35969,25956
NEWPORT,5,44,44005,24796,18949
PROVIDENCE,7,44,44007,190286,172011
WASHINGTON,9,44,44009,23655,17665
ABBEVILLE,1,45,45001,6262,6329
AIKEN,3,45,45003,25365,15230
ALLENDALE,5,45,45005,3306,3070
ANDERSON,7,45,45007,30083,24890
BAMBERG,9,45,45009,4690,4858
BARNWELL,11,45,45011,5704,4874
BEAUFORT,13,45,45013,10747,7087
BERKELEY,15,45,45015,9732,7207
CALHOUN,17,45,45017,3415,4079
CHARLESTON,19,45,45019,61951,47187
CHEROKEE,21,45,45021,10060,9051
CHESTER,23,45,45023,8713,8621
CHESTERFIELD,25,45,45025,9323,8661
CLARENDON,27,45,45027,7119,7116
COLLETON,29,45,45029,8069,7761
DARLINGTON,31,45,45031,13954,12375
DILLON,33,45,45033,7902,7308
DORCHESTER,35,45,45035,7025,5879
EDGEFIELD,37,45,45037,4618,4291
FAIRFIELD,39,45,45039,5652,5393
FLORENCE,41,45,45041,22558,19529
GEORGETOWN,43,45,45043,9634,8174
GREENVILLE,45,45,45045,64145,47857
GREENWOOD,47,45,45047,13980,11560
HAMPTON,49,45,45049,4795,4850
HORRY,51,45,45051,24684,16635
JASPER,53,45,45053,3248,2724
KERSHAW,55,45,45055,9737,8335
LANCASTER,57,45,45057,10968,9559
LAURENS,59,45,45059,14082,12423
LEE,61,45,45061,5286,5402
LEXINGTON,63,45,45063,17916,12093
MCCORMICK,65,45,45065,2255,2381
MARION,67,45,45067,8723,8219
MARLBORO,69,45,45069,8025,8247
NEWBERRY,71,45,45071,9170,8511
OCONEE,73,45,45073,11757,9999
ORANGEBURG,75,45,45075,18602,17355
PICKENS,77,45,45077,13799,10898
RICHLAND,79,45,45079,50761,38159
SALUDA,81,45,45081,4162,4078
SPARTANBURG,83,45,45083,45971,39699
SUMTER,85,45,45085,19748,13936
UNION,87,45,45087,3896,7990
WILLIAMSBURG,89,45,45089,9958,9782
YORK,91,45,45091,22329,18010
AURORA,3,46,46003,1559,1544
BEADLE,5,46,46005,7179,6274
BENNETT,7,46,46007,964,1013
BON HOMME,9,46,46009,3115,3000
BROOKINGS,11,46,46011,6098,4999
BROWN,13,46,46013,10575,9680
BRULE,15,46,46015,2048,1870
BUFFALO,17,46,46017,408,438
BUTTE,19,46,46019,2900,2804
CAMPBELL,21,46,46021,1085,1117
CHARLES MIX,23,46,46023,3851,4566
CLARK,25,46,46025,2504,2546
CLAY,27,46,46027,3313,3082
CODINGTON,29,46,46029,6525,5787
CORSON,31,46,46031,1580,1607
CUSTER,33,46,46033,1857,2014
DAVISON,35,46,46035,5418,4996
DAY,37,46,46037,3977,3960
DEUEL,39,46,46039,2280,2183
DEWEY,41,46,46041,1517,1305
DOUGLAS,43,46,46043,1607,1607
EDMUNDS,45,46,46045,2028,2031
FALL RIVER,47,46,46047,3548,3230
FAULK,49,46,46049,1451,1487
GRANT,51,46,46051,3125,3063
GREGORY,53,46,46053,2589,2588
HAAKON,55,46,46055,1092,1064
HAMLIN,57,46,46057,2290,2125
HAND,59,46,46059,2092,2143
HANSON,61,46,46061,1390,1409
HARDING,63,46,46063,811,818
HUGHES,65,46,46065,3879,2412
HUTCHINSON,67,46,46067,3572,3388
HYDE,69,46,46069,871,861
JACKSON,71,46,46071,628,568
JERAULD,73,46,46073,1388,1387
JONES,75,46,46075,729,734
KINGSBURY,77,46,46077,3087,3084
LAKE,79,46,46079,3993,3632
LAWRENCE,81,46,46081,5983,5612
LINCOLN,83,46,46083,4014,3842
LYMAN,85,46,46085,1377,1350
MCCOOK,87,46,46087,2628,2561
MCPHERSON,89,46,46089,1952,2005
MARSHALL,91,46,46091,2448,2248
MEADE,93,46,46093,3578,3002
MELLETTE,95,46,46095,804,909
MINER,97,46,46097,1811,1902
MINNEHAHA,99,46,46099,26094,21027
MOODY,101,46,46101,2600,2591
PENNINGTON,103,46,46103,18090,10450
PERKINS,105,46,46105,1888,2016
POTTER,107,46,46107,1518,1401
ROBERTS,109,46,46109,4396,4283
SANBORN,111,46,46111,1575,1647
SHANNON,113,46,46113,1309,1266
SPINK,115,46,46115,3682,3628
STANLEY,117,46,46117,1206,629
SULLY,119,46,46119,822,809
TODD,121,46,46121,1183,1192
TRIPP,123,46,46123,2781,2783
TURNER,125,46,46125,3913,3853
UNION,127,46,46127,3380,3343
WALWORTH,129,46,46129,2516,2232
YANKTON,135,46,46135,4989,4404
ZIEBACH,137,46,46137,696,731
ANDERSON,1,47,47001,17949,17848
BEDFORD,3,47,47003,7593,7259
BENTON,5,47,47005,4025,3494
BLEDSOE,7,47,47007,2158,2064
BLOUNT,9,47,47009,17543,14706
BRADLEY,11,47,47011,11438,8693
CAMPBELL,13,47,47013,8142,8464
CANNON,15,47,47015,2688,2580
CARROLL,17,47,47017,8076,7957
CARTER,19,47,47019,12143,10905
CHEATHAM,21,47,47021,2970,2630
CHESTER,23,47,47023,3068,3170
CLAIBORNE,25,47,47025,5507,6124
CLAY,27,47,47027,2263,2276
COCKE,29,47,47029,6701,6054
COFFEE,31,47,47031,8972,6811
CROCKETT,33,47,47033,4558,4913
CUMBERLAND,35,47,47035,5334,4783
DAVIDSON,37,47,47037,120847,91575
DECATUR,39,47,47039,3021,2748
DEKALB,41,47,47041,3718,3466
DICKSON,43,47,47043,6000,5631
DYER,45,47,47045,9752,10081
FAYETTE,47,47,47047,5899,6879
FENTRESS,49,47,47049,3449,3467
FRANKLIN,51,47,47051,7388,6644
GIBSON,53,47,47053,15303,14348
GILES,55,47,47055,7282,7814
GRAINGER,57,47,47057,3991,3558
GREENE,59,47,47059,12862,11328
GRUNDY,61,47,47061,3288,3401
HAMBLEN,63,47,47063,9979,6510
HAMILTON,65,47,47065,74377,60713
HANCOCK,67,47,47067,2393,2396
HARDEMAN,69,47,47069,5591,5678
HARDIN,71,47,47071,5527,4917
HAWKINS,73,47,47073,8973,8050
HAYWOOD,75,47,47075,6337,6815
HENDERSON,77,47,47077,5327,4984
HENRY,79,47,47079,8198,7713
HICKMAN,81,47,47081,3793,3814
HOUSTON,83,47,47083,1683,1499
HUMPHREYS,85,47,47085,3916,3382
JACKSON,87,47,47087,3010,3425
JEFFERSON,89,47,47089,6518,5298
JOHNSON,91,47,47091,3257,3122
KNOX,93,47,47093,77187,62056
LAKE,95,47,47095,3334,3574
LAUDERDALE,97,47,47097,6494,6963
LAWRENCE,99,47,47099,8463,7950
LEWIS,101,47,47101,1947,1775
LINCOLN,103,47,47103,7593,7300
LOUDON,105,47,47105,7141,6279
MCMINN,107,47,47107,10329,8813
MCNAIRY,109,47,47109,5792,5663
MACON,111,47,47111,4044,4022
MADISON,113,47,47113,19069,17442
MARION,115,47,47115,5822,5253
MARSHALL,117,47,47117,5648,5363
MAURY,119,47,47119,13040,12014
MEIGS,121,47,47121,1476,1548
MONROE,123,47,47123,6683,6259
MONTGOMERY,125,47,47125,15183,10862
MOORE,127,47,47127,1111,1107
MORGAN,129,47,47129,3783,3654
OBION,131,47,47131,9252,9026
OVERTON,133,47,47133,4458,4549
PERRY,135,47,47135,1817,1914
PICKETT,137,47,47137,1407,1292
POLK,139,47,47139,3564,3671
PUTNAM,141,47,47141,8836,8093
RHEA,143,47,47143,4840,4378
ROANE,145,47,47145,11645,8441
ROBERTSON,147,47,47147,8448,7954
RUTHERFORD,149,47,47149,14654,11049
SCOTT,151,47,47151,4018,4140
SEQUATCHIE,153,47,47153,1640,1407
SEVIER,155,47,47155,7971,6567
SHELBY,157,47,47157,184868,137985
SMITH,159,47,47159,4234,4274
STEWART,161,47,47161,2596,2580
SULLIVAN,163,47,47163,34285,25815
SUMNER,165,47,47165,11629,9706
TIPTON,167,47,47167,7860,7953
TROUSDALE,169,47,47169,1531,1608
UNICOI,171,47,47171,4520,4138
UNION,173,47,47173,2491,2283
VAN BUREN,175,47,47175,982,1018
WARREN,177,47,47177,7480,6627
WASHINGTON,179,47,47179,18738,15633
WAYNE,181,47,47181,3632,3672
WEAKLEY,183,47,47183,8602,8829
WHITE,185,47,47185,4987,4538
WILLIAMSON,187,47,47187,7304,6787
WILSON,189,47,47189,9130,8026
ANDERSON,1,48,48001,10206,10385
ANDREWS,3,48,48003,4182,1693
ANGELINA,5,48,48005,13327,11376
ARANSAS,7,48,48007,2731,1851
ARCHER,9,48,48009,2439,2197
ARMSTRONG,11,48,48011,764,783
ATASCOSA,13,48,48013,5624,5517
AUSTIN,15,48,48015,5047,4760
BAILEY,17,48,48017,3319,2495
BANDERA,19,48,48019,2367,1808
BASTROP,21,48,48021,5848,6681
BAYLOR,23,48,48023,2825,2548
BEE,25,48,48025,6901,5580
BELL,27,48,48027,28669,20134
BEXAR,29,48,48029,196881,137853
BLANCO,31,48,48031,1507,1396
BORDEN,33,48,48033,637,332
BOSQUE,35,48,48035,4847,4387
BOWIE,37,48,48037,21254,19364
BRAZORIA,39,48,48039,24156,13805
BRAZOS,41,48,48041,14482,11312
BREWSTER,43,48,48043,2267,2195
BRISCOE,45,48,48045,1337,1151
BROOKS,47,48,48047,2501,2470
BROWN,49,48,48049,9516,10431
BURLESON,51,48,48051,4297,4475
BURNET,53,48,48053,3916,3322
CALDWELL,55,48,48055,5924,6217
CALHOUN,57,48,48057,5688,3302
CALLAHAN,59,48,48059,3152,3181
CAMERON,61,48,48061,42083,33844
CAMP,63,48,48063,2741,2812
CARSON,65,48,48065,2462,2235
CASS,67,48,48067,7745,8227
CASTRO,69,48,48069,3162,1673
CHAMBERS,71,48,48071,3779,2637
CHEROKEE,73,48,48073,11229,11282
CHILDRESS,75,48,48075,3355,4221
CLAY,77,48,48077,3173,3428
COCHRAN,79,48,48079,2211,1811
COKE,81,48,48081,1607,1362
COLEMAN,83,48,48083,5055,5527
COLLIN,85,48,48085,15080,13942
COLLINGSWORTH,87,48,48087,2566,3150
COLORADO,89,48,48089,6508,5709
COMAL,91,48,48091,6878,5219
COMANCHE,93,48,48093,5095,5488
CONCHO,95,48,48095,1557,1654
COOKE,97,48,48097,7741,7509
CORYELL,99,48,48099,6586,5480
COTTLE,101,48,48101,1782,2215
CRANE,103,48,48103,1599,1309
CROCKETT,105,48,48105,1395,1281
CROSBY,107,48,48107,4132,3493
CULBERSON,109,48,48109,889,580
DALLAM,111,48,48111,2416,2497
DALLAS,113,48,48113,316029,197203
DAWSON,115,48,48115,6845,6091
DEAF SMITH,117,48,48117,4513,2867
DELTA,119,48,48119,2539,3175
DENTON,121,48,48121,16156,12487
DEWITT,123,48,48123,7175,7313
DICKENS,125,48,48125,2161,2291
DIMMIT,127,48,48127,2736,2616
DONLEY,129,48,48129,1845,2107
DUVAL,131,48,48131,4124,4112
EASTLAND,133,48,48133,8249,8489
ECTOR,135,48,48135,29432,13358
EDWARDS,137,48,48137,1047,1031
ELLIS,139,48,48139,15092,14595
EL PASO,141,48,48141,85939,50794
ERATH,143,48,48143,6633,6478
FALLS,145,48,48145,7875,9008
FANNIN,147,48,48147,9577,10837
FAYETTE,149,48,48149,7637,7732
FISHER,151,48,48151,3401,3702
FLOYD,153,48,48153,4968,3469
FOARD,155,48,48155,1340,1481
FORT BEND,157,48,48157,11551,8694
FRANKLIN,159,48,48159,2013,2180
FREESTONE,161,48,48161,4776,5112
FRIO,163,48,48163,3172,2658
GAINES,165,48,48165,4107,2885
GALVESTON,167,48,48167,51003,37510
GARZA,169,48,48169,2258,2050
GILLESPIE,171,48,48171,3743,3615
GLASSCOCK,173,48,48173,508,359
GOLIAD,175,48,48175,1842,1903
GONZALES,177,48,48177,6191,6322
GRAY,179,48,48179,10981,8480
GRAYSON,181,48,48181,25887,23041
GREGG,183,48,48183,23901,19932
GRIMES,185,48,48185,4817,4883
GUADALUPE,187,48,48187,9808,7969
HALE,189,48,48189,11975,8955
HALL,191,48,48191,3682,3659
HAMILTON,193,48,48193,3628,3831
HANSFORD,195,48,48195,1983,1370
HARDEMAN,197,48,48197,3312,3587
HARDIN,199,48,48199,8013,5900
HARRIS,201,48,48201,408138,257154
HARRISON,203,48,48203,14582,14304
HARTLEY,205,48,48205,772,628
HASKELL,207,48,48207,4916,4550
HAYS,209,48,48209,6775,5358
HEMPHILL,211,48,48211,1232,1334
HENDERSON,213,48,48213,7994,7688
HIDALGO,215,48,48215,47711,41468
HILL,217,48,48217,10013,11111
HOCKLEY,219,48,48219,7793,6984
HOOD,221,48,48221,2183,1944
HOPKINS,223,48,48223,7172,8121
HOUSTON,225,48,48225,6407,7448
HOWARD,227,48,48227,12583,8243
HUDSPETH,229,48,48229,1093,1308
HUNT,231,48,48231,14761,14838
HUTCHINSON,233,48,48233,11346,9959
IRION,235,48,48235,514,603
JACK,237,48,48237,2878,2773
JACKSON,239,48,48239,4612,3807
JASPER,241,48,48241,7152,5803
JEFF DAVIS,243,48,48243,536,767
JEFFERSON,245,48,48245,79226,59866
JIM HOGG,247,48,48247,1548,1520
JIM WELLS,249,48,48249,9909,7711
JOHNSON,251,48,48251,12244,10500
JONES,253,48,48253,7705,7439
KARNES,255,48,48255,4597,4809
KAUFMAN,257,48,48257,9520,9563
KENDALL,259,48,48259,2379,2042
KENEDY,261,48,48261,238,136
KENT,263,48,48263,696,769
KERR,265,48,48265,6383,4899
KIMBLE,267,48,48267,1762,1750
KING,269,48,48269,331,296
KINNEY,271,48,48271,899,954
KLEBERG,273,48,48273,8649,5916
KNOX,275,48,48275,3103,3278
LAMAR,277,48,48277,12853,14514
LAMB,279,48,48279,8419,8518
LAMPASAS,281,48,48281,3664,3468
LA SALLE,283,48,48283,1930,2265
LAVACA,285,48,48285,7282,6903
LEE,287,48,48287,3192,3168
LEON,289,48,48289,3856,3911
LIBERTY,291,48,48291,10650,8077
LIMESTONE,293,48,48293,7279,8403
LIPSCOMB,295,48,48295,1221,1223
LIVE OAK,297,48,48297,2451,2582
LLANO,299,48,48299,3230,2179
LOVING,301,48,48301,98,74
LUBBOCK,303,48,48303,49307,31475
LYNN,305,48,48305,4495,3728
MCCULLOCH,307,48,48307,3888,4040
MCLENNAN,309,48,48309,50493,40168
MCMULLEN,311,48,48311,425,489
MADISON,313,48,48313,2553,2941
MARION,315,48,48315,2728,3090
MARTIN,317,48,48317,1812,1963
MASON,319,48,48319,1703,1787
MATAGORDA,321,48,48321,9476,7231
MAVERICK,323,48,48323,3818,3118
MEDINA,325,48,48325,6028,4924
MENARD,327,48,48327,1349,1429
MIDLAND,329,48,48329,22336,8194
MILAM,331,48,48331,8858,8262
MILLS,333,48,48333,1988,2154
MITCHELL,335,48,48335,4385,4436
MONTAGUE,337,48,48337,5982,6122
MONTGOMERY,339,48,48339,9600,7927
MOORE,341,48,48341,4690,4169
MORRIS,343,48,48343,3975,3029
MOTLEY,345,48,48345,1324,1421
NACOGDOCHES,347,48,48347,9557,9226
NAVARRO,349,48,48349,12851,13454
NEWTON,351,48,48351,3764,3066
NOLAN,353,48,48353,7117,6378
NUECES,355,48,48355,68475,48077
OCHILTREE,357,48,48357,3054,2009
OLDHAM,359,48,48359,576,455
ORANGE,361,48,48361,18511,12589
PALO PINTO,363,48,48363,8251,6482
PANOLA,365,48,48365,5833,5720
PARKER,367,48,48367,8386,7207
PARMER,369,48,48369,3318,1758
PECOS,371,48,48371,3890,2962
POLK,373,48,48373,4534,4966
POTTER,375,48,48375,36360,24003
PRESIDIO,377,48,48377,1892,2283
RAINS,379,48,48379,1203,1527
RANDALL,381,48,48381,10540,4390
REAGAN,383,48,48383,1416,1098
REAL,385,48,48385,986,953
RED RIVER,387,48,48387,5780,7298
REEVES,389,48,48389,6058,3506
REFUGIO,391,48,48391,3761,3123
ROBERTS,393,48,48393,404,365
ROBERTSON,395,48,48395,6117,6468
ROCKWALL,397,48,48397,2206,2126
RUNNELS,399,48,48399,5465,5741
RUSK,401,48,48401,12657,13224
SABINE,403,48,48403,2464,2569
SAN AUGUSTINE,405,48,48405,2550,2742
SAN JACINTO,407,48,48407,2167,2145
SAN PATRICIO,409,48,48409,15107,10708
SAN SABA,411,48,48411,2723,2816
SCHLEICHER,413,48,48413,1020,1008
SCURRY,415,48,48415,7218,7409
SHACKELFORD,417,48,48417,1613,1785
SHELBY,419,48,48419,7204,7615
SHERMAN,421,48,48421,922,850
SMITH,423,48,48423,28708,23031
SOMERVELL,425,48,48425,1151,1103
STARR,427,48,48427,4489,3446
STEPHENS,429,48,48429,3731,3683
STERLING,431,48,48431,499,442
STONEWALL,433,48,48433,1310,1209
SUTTON,435,48,48435,1366,1194
SWISHER,437,48,48437,3699,2652
TARRANT,439,48,48439,182621,114615
TAYLOR,441,48,48441,32020,19857
TERRELL,443,48,48443,908,982
TERRY,445,48,48445,5671,4370
THROCKMORTON,447,48,48447,1144,1268
TITUS,449,48,48449,5958,5638
TOM GREEN,451,48,48451,22076,18175
TRAVIS,453,48,48453,65439,45945
TRINITY,455,48,48455,2934,3437
TYLER,457,48,48457,4141,3491
UPSHUR,459,48,48459,6625,6603
UPTON,461,48,48461,2258,1765
UVALDE,463,48,48463,5626,4746
VAL VERDE,465,48,48465,7285,4780
VAN ZANDT,467,48,48467,7246,7801
VICTORIA,469,48,48469,15697,9239
WALKER,471,48,48471,5861,5531
WALLER,473,48,48473,3685,3192
WARD,475,48,48475,4826,4171
WASHINGTON,477,48,48477,6837,6662
WEBB,479,48,48479,17200,14117
WHARTON,481,48,48481,12454,10917
WHEELER,483,48,48483,3002,3216
WICHITA,485,48,48485,38504,27374
WILBARGER,487,48,48487,6764,6706
WILLACY,489,48,48489,5776,5769
WILLIAMSON,491,48,48491,12865,12779
WILSON,493,48,48493,4095,4103
WINKLER,495,48,48495,4553,3265
WISE,497,48,48497,6204,5686
WOOD,499,48,48499,6631,6761
YOAKUM,501,48,48501,2658,1346
YOUNG,503,48,48503,6480,5695
ZAPATA,505,48,48505,1287,1210
ZAVALA,507,48,48507,3302,3015
BEAVER,1,49,49001,1422,1478
BOX ELDER,3,49,49003,7198,5649
CACHE,5,49,49005,10499,9617
CARBON,7,49,49007,7110,6818
DAGGETT,9,49,49009,377,103
DAVIS,11,49,49011,16426,8438
DUCHESNE,13,49,49013,2116,2189
EMERY,15,49,49015,1812,1883
GARFIELD,17,49,49017,1336,1138
GRAND,19,49,49019,1941,633
IRON,21,49,49021,3269,2753
JUAB,23,49,49023,1647,1834
KANE,25,49,49025,940,738
MILLARD,27,49,49027,2563,2635
MORGAN,29,49,49029,857,773
PIUTE,31,49,49031,519,548
RICH,33,49,49033,584,537
SALT LAKE,35,49,49035,114425,81490
SAN JUAN,37,49,49037,2271,1328
SANPETE,39,49,49039,4093,4366
SEVIER,41,49,49041,3748,3676
SUMMIT,43,49,49043,2405,2246
TOOELE,45,49,49045,5468,4969
UINTAH,47,49,49047,3187,2824
UTAH,49,49,49049,28561,21976
WASATCH,51,49,49051,1677,1557
WASHINGTON,53,49,49053,3299,3047
WAYNE,55,49,49055,591,615
WEBER,57,49,49057,32329,24696
ADDISON,1,50,50001,7025,6420
BENNINGTON,3,50,50003,9117,8228
CALEDONIA,5,50,50005,8277,7974
CHITTENDEN,7,50,50007,22467,17852
ESSEX,9,50,50009,2490,2239
FRANKLIN,11,50,50011,9963,9324
GRAND ISLE,13,50,50013,2166,1448
LAMOILLE,15,50,50015,3835,3498
ORANGE,17,50,50017,5856,5703
ORLEANS,19,50,50019,7955,7382
RUTLAND,21,50,50021,16440,15117
WASHINGTON,23,50,50023,13994,12727
WINDHAM,25,50,50025,11439,10420
WINDSOR,27,50,50027,15283,13579
ADAMS,1,53,53001,3173,2194
ASOTIN,3,53,53003,4527,3622
BENTON,5,53,53005,19046,15234
CHELAN,7,53,53007,15936,15890
CLALLAM,9,53,53009,10578,8893
CLARK,11,53,53011,31215,27974
COLUMBIA,13,53,53013,1753,1734
COWLITZ,15,53,53015,19543,17301
DOUGLAS,17,53,53017,5505,3881
FERRY,19,53,53019,1481,1362
FRANKLIN,21,53,53021,7325,4523
GARFIELD,23,53,53023,1043,1059
GRANT,25,53,53025,14396,7564
GRAYS HARBOR,27,53,53027,20121,19019
ISLAND,29,53,53029,8920,5719
JEFFERSON,31,53,53031,4103,4116
KING,33,53,53033,333959,252396
KITSAP,35,53,53035,31648,29060
KITTITAS,37,53,53037,7364,7503
KLICKITAT,39,53,53039,4912,4103
LEWIS,41,53,53041,15307,15011
LINCOLN,43,53,53043,3722,3855
MASON,45,53,53045,7866,6065
OKANOGAN,47,53,53047,10643,10550
PACIFIC,49,53,53049,7156,6841
PEND OREILLE,51,53,53051,3282,2822
PIERCE,53,53,53053,105304,85258
SAN JUAN,55,53,53055,2136,1583
SKAGIT,57,53,53057,19360,14926
SKAMANIA,59,53,53059,2132,1936
SNOHOMISH,61,53,53061,58697,39915
SPOKANE,63,53,53063,97458,72505
STEVENS,65,53,53065,7461,6605
THURSTON,67,53,53067,19888,16588
WAHKIAKUM,69,53,53069,1212,1248
WALLA WALLA,71,53,53071,13895,12698
WHATCOM,73,53,53073,27052,23527
WHITMAN,75,53,53075,9957,9778
YAKIMA,77,53,53077,50443,44843
BARBOUR,1,54,54001,5043,5584
BERKELEY,3,54,54003,10527,8942
BOONE,5,54,54005,8112,7941
BRAXTON,7,54,54007,4811,4890
BROOKE,9,54,54009,8369,7422
CABELL,11,54,54011,35313,31917
CALHOUN,13,54,54013,2446,2745
CLAY,15,54,54015,3382,3659
DODDRIDGE,17,54,54017,2652,2792
FAYETTE,19,54,54019,19071,21009
GILMER,21,54,54021,2520,2652
GRANT,23,54,54023,2501,2291
GREENBRIER,25,54,54025,10938,10355
HAMPSHIRE,27,54,54027,3830,3483
HANCOCK,29,54,54029,11605,9330
HARDY,31,54,54031,2918,2699
HARRISON,33,54,54033,25695,24829
JACKSON,35,54,54035,5774,4404
JEFFERSON,37,54,54037,5857,4884
KANAWHA,39,54,54039,77622,66476
LEWIS,41,54,54041,5862,5615
LINCOLN,43,54,54043,5411,5340
LOGAN,45,54,54045,17126,17891
MCDOWELL,47,54,54047,19392,22861
MARION,49,54,54049,21247,21053
MARSHALL,51,54,54051,11763,10742
MASON,53,54,54053,7426,6441
MERCER,55,54,54055,20774,19664
MINERAL,57,54,54057,6894,6318
MINGO,59,54,54059,10857,11286
MONONGALIA,61,54,54061,17686,16420
MONROE,63,54,54063,3580,3593
MORGAN,65,54,54065,2877,2534
NICHOLAS,67,54,54067,7241,6814
OHIO,69,54,54069,23303,21912
PENDLETON,71,54,54071,2405,2352
PLEASANTS,73,54,54073,2150,1900
POCAHONTAS,75,54,54075,3498,3384
PRESTON,77,54,54077,8238,8546
PUTNAM,79,54,54079,6812,5632
RALEIGH,81,54,54081,23861,24158
RANDOLPH,83,54,54083,7934,7861
RITCHIE,85,54,54085,3777,4026
ROANE,87,54,54087,4871,4931
SUMMERS,89,54,54089,5282,5449
TAYLOR,91,54,54091,5200,5295
TUCKER,93,54,54093,2666,3006
TYLER,95,54,54095,3574,3420
UPSHUR,97,54,54097,5931,5421
WAYNE,99,54,54099,11383,10205
WEBSTER,101,54,54101,4146,4363
WETZEL,103,54,54103,6287,6056
WIRT,105,54,54105,1584,1610
WOOD,107,54,54107,25168,20636
WYOMING,109,54,54109,9165,9036
ALBANY,1,56,56001,7727,6014
BIG HORN,3,56,56003,4063,4012
CAMPBELL,5,56,56005,1931,1656
CARBON,7,56,56007,5684,5118
CONVERSE,9,56,56009,2337,2080
CROOK,11,56,56011,1578,1755
FREMONT,13,56,56013,7949,6032
GOSHEN,15,56,56015,4309,4093
HOT SPRINGS,17,56,56017,2329,1823
JOHNSON,19,56,56019,2167,1626
LARAMIE,21,56,56021,19236,13317
LINCOLN,23,56,56023,2923,2694
NATRONA,25,56,56025,16690,10359
NIOBRARA,27,56,56027,1553,1683
PARK,29,56,56029,5691,5018
PLATTE,31,56,56031,2631,2737
SHERIDAN,33,56,56033,6918,6645
SUBLETTE,35,56,56035,1537,916
SWEETWATER,37,56,56037,6470,6831
TETON,39,56,56039,1516,928
UINTA,41,56,56041,2125,2113
WASHAKIE,43,56,56043,2958,2277
WESTON,45,56,56045,2535,2167